name,departement,departement_n,parti,parti_group,mandat,revenue,activites,civilite
Abdourahamane Soilihi,Mayotte,976,Les Républicains,LR,Sénat,,,m
Agnès Canayer,Seine-Maritime,76,Les Républicains,LR,Sénat,,,f
Alain Anziani,Gironde,33,Parti socialiste,PS,Sénat,,,m
Alain Bertrand,Lozère,48,Parti radical de gauche		,PRG,Sénat,,,m
Alain Bocquet,Nord,59,Parti communiste français,PCF,Assemblée nationale,,,m
Alain Calmette,Cantal,15,Parti socialiste,PS ,Assemblée nationale,,,m
Alain Chatillon,Haute-Garonne,31,Les Républicains,LR,Sénat,,,m
Alain Chrétien,Haute-Saône,70,Les Républicains,LR,Assemblée nationale,,,m
Alain Claeys,Vienne,86,Parti socialiste,PS ,Assemblée nationale,,,m
Alain Dufaut,Vaucluse,84,Les Républicains,LR,Sénat,,,m
Alain Duran,Ariège,9,Parti socialiste,PS,Sénat,,,m
Alain Fauré,Ariège,9,Parti socialiste,PS,Assemblée nationale,,,m
Alain Fouché,Vienne,86,Les Républicains,LR,Sénat,,,m
Alain Gest,Somme,80,Les Républicains,LR,Assemblée nationale,,,m
Alain Gournac,Yvelines,78,Les Républicains,LR,Sénat,,,m
Alain Houpert,Côte-d'Or,21,Les Républicains,LR,Sénat,,,m
Alain Joyandet,Haute-Saône,70,Les Républicains,LR,Sénat,,,m
Alain Leboeuf,Vendée,85,Les Républicains,LR,Assemblée nationale,,,m
Alain Marc,Aveyron,12,Les Républicains,LR,Sénat,,,m
Alain Marleix,Cantal,15,Les Républicains,LR,Assemblée nationale,,,m
Alain Marsaud,Français établis hors de France,99,Les Républicains,LR,Assemblée nationale,,,m
Alain Marty,Moselle,57,Les Républicains,LR,Assemblée nationale,,,m
Alain Milon,Vaucluse,84,Les Républicains,LR,Sénat,,,m
Alain Moyne-Bressand,Isère,38,Les Républicains,LR,Assemblée nationale,,,m
Alain Néri,Puy-de-Dôme,63,Parti socialiste,PS,Sénat,,,m
Alain Richard,Val-d'Oise,95,Parti socialiste,PS,Sénat,,,m
Alain Rodet,Haute-Vienne,87,Parti socialiste,PS,Assemblée nationale,,,m
Alain Rousset,Gironde,33,Parti socialiste,PS,Assemblée nationale,,,m
Alain Suguenot,Côte-d'Or,21,Les Républicains,LR,Assemblée nationale,,,m
Alain Tourret,Calvados,14,Parti radical de gauche		,PRG,Assemblée nationale,,,m
Alain Vasselle,Oise,60,Les Républicains,LR,Sénat,,,m
Albéric de Montgolfier,Eure-et-Loir,28,Les Républicains,LR,Sénat,,,m
Alex Türk,Nord,59,Divers droite,Groupe NI,Sénat,,,m
Alexis Bachelay,Hauts-de-Seine,92,Parti socialiste,PS,Assemblée nationale,,,m
Alfred Marie-Jeanne,Martinique,972,Mouvement Indépendantiste Martiniquais,Groupe GDR,Assemblée nationale,,,m
Aline Archimbaud,Seine-Saint-Denis,93,Union des démocrates et écologistes,UDE,Sénat,,,f
André Chassaigne,Puy-de-Dôme,63,Parti communiste français,PCF,Assemblée nationale,,,m
André Jean Gattolin,Hauts-de-Seine,92,Europe Ecologie Les Verts,EELV,Sénat,,,m
André Reichardt,Bas-Rhin,67,Les Républicains,LR,Sénat,,,m
André Santini,Hauts-de-Seine,92,Union des démocrates et indépendants,UDI,Assemblée nationale,,,m
André Schneider,Bas-Rhin,67,Les Républicains,LR,Assemblée nationale,,,m
André Trillard,Loire-Atlantique,44,Les Républicains,LR,Sénat,,,m
Anne Chain-Larché,Seine-et-Marne,77,Les Républicains,LR,Sénat,,,f
Anne Emery-Dumas,Nièvre,58,Parti socialiste,PS,Sénat,,,f
Anne Grommerch,Moselle,57,Les Républicains,LR,Assemblée nationale,,,f
Anne-Catherine Loisier,Côte-d'Or,21,Union des Démocrates et Indépendants,UDI,Sénat,,,f
Anne-Christine Lang,Paris,75,Parti socialiste,PS,Assemblée nationale,,,f
Anne-Lise Dufour-Tonini,Nord,59,Parti socialiste,PS,Assemblée nationale,,,f
Anne-Yvonne Le Dain,Hérault,34,Parti socialiste,PS,Assemblée nationale,,,f
Annick Billon,Vendée,85,Union des Démocrates et Indépendants,UDI,Sénat,,,f
Annick Le Loch,Finistère,29,Parti socialiste,PS,Assemblée nationale,,,f
Annick Lepetit,Paris,75,Parti socialiste,PS,Assemblée nationale,,,f
Annie David,Isère,38,Parti communiste français,PCF,Sénat,,,f
Annie Genevard,Doubs,25,Les Républicains,LR,Assemblée nationale,,,f
Annie Guillemot,Rhône,69,Parti socialiste,PS,Sénat,,,f
Annie Le Houerou,Côtes-d'Armor,22,Parti socialiste,PS,Assemblée nationale,,,f
Antoine Herth,Bas-Rhin,67,Les Républicains,LR,Assemblée nationale,,,m
Antoine Karam,Guyane,973,Parti socialiste,PS,Sénat,,,m
Antoine Lefevre,Aisne,2,Les Républicains,LR,Sénat,,,m
Arlette Grosskost,Haut-Rhin,68,Les Républicains,LR,Assemblée nationale,,,f
Armand Jung,Bas-Rhin,67,Parti socialiste,PS,Assemblée nationale,,,m
Arnaud Leroy,Français établis hors de France,99,Parti socialiste,PS,Assemblée nationale,,,m
Arnaud Richard,Yvelines,78,Union des démocrates et indépendants,UDI,Assemblée nationale,,,m
Arnaud Robinet,Marne,51,Les Républicains,LR,Assemblée nationale,,,m
Arnaud Viala,Aveyron,12,Les Républicains,LR,Assemblée nationale,,,m
Ary Chalus,Guadeloupe,971,Parti radical de gauche		,PRG,Assemblée nationale,,,m
Audrey Linkenheld,Nord,59,Parti socialiste,PS,Assemblée nationale,,,f
Aurélie Filippetti,Moselle,57,Parti socialiste,PS,Assemblée nationale,,,f
Axel Poniatowski,Val-d'Oise,95,Les Républicains,LR,Assemblée nationale,,,m
Barbara Pompili,Somme,80,Union des démocrates et écologistes,UDE,Assemblée nationale,,,f
Barbara Romagnan,Doubs,25,Parti socialiste,PS,Assemblée nationale,,,f
Bariza Khiari,Paris,75,Parti socialiste,PS,Sénat,,,f
Béatrice Santais,Savoie,73,Parti socialiste,PS,Assemblée nationale,,,f
Benoist Apparu,Marne,51,Les Républicains,LR,Assemblée nationale,,,m
Benoît Hamon,Yvelines,78,Parti socialiste,PS,Assemblée nationale,,,m
Benoît Huré,Ardennes,8,Les Républicains,LR,Sénat,,,m
Bérengère Poletti,Ardennes,8,Les Républicains,LR,Assemblée nationale,,,f
Bernadette Laclais,Savoie,73,Parti socialiste,PS,Assemblée nationale,,,f
Bernard Accoyer,Haute-Savoie,74,Les Républicains,LR,Assemblée nationale,,,m
Bernard Brochand,Alpes-Maritimes,6,Les Républicains,LR,Assemblée nationale,,,m
Bernard Cazeau,Dordogne,24,Parti socialiste,PS,Sénat,,,m
Bernard Debré,Paris,75,Les Républicains,LR,Assemblée nationale,,,m
Bernard Deflesselles,Bouches-du-Rhône,13,Les Républicains,LR,Assemblée nationale,,,m
Bernard Delcros,Cantal,15,Union des Démocrates et Indépendants,UDI,Sénat,,,m
Bernard Fournier,Loire,42,Les Républicains,LR,Sénat,,,m
Bernard Gérard,Nord,59,Les Républicains,LR,Assemblée nationale,,,m
Bernard Lalande,Charente-Maritime,17,Parti socialiste,PS,Sénat,,,m
Bernard Lesterlin,Allier,3,Parti socialiste,PS,Assemblée nationale,,,m
Bernard Perrut,Rhône,69,Les Républicains,LR,Assemblée nationale,,,m
Bernard Reynès,Bouches-du-Rhône,13,Les Républicains,LR,Assemblée nationale,,,m
Bernard Roman,Nord,59,Parti socialiste,PS,Assemblée nationale,,,m
Bernard Saugey,Isère,38,Les Républicains,LR,Sénat,,,m
Bertrand Pancher,Meuse,55,Union des démocrates et indépendants,UDI,Assemblée nationale,,,m
Boinali Said,Mayotte,976,Parti socialiste,PS,Assemblée nationale,,,m
Brigitte Allain,Dordogne,24,Europe Ecologie Les Verts,EELV,Assemblée nationale,,,f
Brigitte Bourguignon,Pas-de-Calais,62,Parti socialiste,PS,Assemblée nationale,,,f
Brigitte Gonthier-Maurin,Hauts-de-Seine,92,Parti communiste français,PCF,Sénat,,,f
Brigitte Micouleau,Haute-Garonne,31,Les Républicains,LR,Sénat,,,f
Bruno Gilles,Bouches-du-Rhône,13,Les Républicains,LR,Sénat,,,m
Bruno Le Maire,Eure,27,Les Républicains,LR,Assemblée nationale,,,m
Bruno Le Roux,Seine-Saint-Denis,93,Parti socialiste,PS,Assemblée nationale,,,m
Bruno Nestor Azerot,Martinique,972,Mouvement Initiative populaire,Groupe GDR,Assemblée nationale,,,m
Bruno Retailleau,Vendée,85,Les Républicains,LR,Sénat,,,m
Bruno Sido,Haute-Marne,52,Les Républicains,LR,Sénat,,,m
Camille de Rocca Serra,Corse-du-Sud,2A,Les Républicains,LR,Assemblée nationale,,,m
Carlos Da Silva,Essonne,91,Parti socialiste,PS,Assemblée nationale,,,m
Carole Delga,Haute-Garonne,31,Parti socialiste,PS,Assemblée nationale,,,f
Caroline Cayeux,Oise,60,Les Républicains,LR,Sénat,,,f
Catherine Beaubatie,Haute-Vienne,87,Parti socialiste,PS,Assemblée nationale,,,f
Catherine Coutelle,Vienne,86,Parti socialiste,PS,Assemblée nationale,,,f
Catherine Deroche,Maine-et-Loire,49,Les Républicains,LR,Sénat,,,f
Catherine Di Folco,Rhône,69,Les Républicains,LR,Sénat,,,f
Catherine Génisson,Pas-de-Calais,62,Parti socialiste,PS,Sénat,,,f
Catherine Lemorton,Haute-Garonne,31,Parti socialiste,PS,Assemblée nationale,,,f
Catherine Morin-Desailly,Seine-Maritime,76,Union des Démocrates et Indépendants,UDI,Sénat,,,f
Catherine Procaccia,Val-de-Marne,94,Les Républicains,LR,Sénat,,,f
Catherine Quéré,Charente-Maritime,17,Parti socialiste,PS,Assemblée nationale,,,f
Catherine Tasca,Yvelines,78,Parti socialiste,PS,Sénat,,,f
Catherine Troallic,Seine-Maritime,76,Parti socialiste,PS,Assemblée nationale,,,f
Catherine Troendlé,Haut-Rhin,68,Les Républicains,LR,Sénat,,,f
Catherine Vautrin,Marne,51,Les Républicains,LR,Assemblée nationale,,,f
Cécile Cukierman,Loire,42,Parti communiste français,PCF,Sénat,,,f
Cécile Duflot,Paris,75,Europe Ecologie Les Verts,EELV,Assemblée nationale,,,f
Cécile Untermaier,Saône-et-Loire,71,Parti socialiste,PS,Assemblée nationale,,,f
Cédric Perrin,Territoire de Belfort,90,Les Républicains,LR ,Sénat,,,m
Céleste Lett,Moselle,57,Les Républicains,LR,Assemblée nationale,,,f
Chantal Berthelot,Guyane,973,Parti socialiste,PS,Assemblée nationale,,,f
Chantal Deseyne,Eure-et-Loir,28,Les Républicains,LR,Sénat,,,f
Chantal Guittet,Finistère,29,Parti socialiste,PS,Assemblée nationale,,,f
Chantal Jouanno,Paris,75,Union des Démocrates et Indépendants,UDI,Sénat,,,f
Charles de Courson,Marne,51,Union des démocrates et indépendants,UDI,Assemblée nationale,,,m
Charles de La Verpillière,Ain,1,Les Républicains,LR,Assemblée nationale,,,m
Charles Guené,Haute-Marne,52,Les Républicains,LR,Sénat,,,m
Charles Revet,Seine-Maritime,76,Les Républicains,LR,Sénat,,,m
Charles-Ange Ginesy,Alpes-Maritimes,6,Les Républicains,LR,Assemblée nationale,,,m
Chaynesse Khirouni,Meurthe-et-Moselle,54,Parti socialiste,PS,Assemblée nationale,,,f
Christian Assaf,Hérault,34,Parti socialiste,PS,Assemblée nationale,,,m
Christian Bataille,Nord,59,Parti socialiste,PS,Assemblée nationale,,,m
Christian Cambon,Val-de-Marne,94,Les Républicains,LR,Sénat,,,m
Christian Estrosi,Alpes-Maritimes,6,Les Républicains,LR,Assemblée nationale,,,m
Christian Favier,Val-de-Marne,94,Parti communiste français,PCF,Sénat,,,m
Christian Franqueville,Vosges,88,Parti socialiste,PS,Assemblée nationale,,,m
Christian Hutin,Nord,59,Parti socialiste,PS,Assemblée nationale,,,m
Christian Jacob,Seine-et-Marne,77,Les Républicains,LR,Assemblée nationale,,,m
Christian Kert,Bouches-du-Rhône,13,Les Républicains,LR,Assemblée nationale,,,m
Christian Manable,Somme,80,Parti socialiste,PS,Sénat,,,m
Christian Namy,Meuse,55,Union des Démocrates et Indépendants,UDI,Sénat,,,m
Christian Paul,Nièvre,58,Parti socialiste,PS,Assemblée nationale,,,m
Christiane Hummel,Var,83,Les Républicains,LR,Sénat,,,f
Christiane Kammermann,Français établis hors de France,998,Les Républicains,LR,Sénat,,,f
Christine Pires Beaune,Puy-de-Dôme,63,Parti socialiste,PS,Assemblée nationale,,,f
Christine Prunaud,Côtes-d'Armor,22,Parti communiste français,PCF,Sénat,,,f
Christophe Béchu,Maine-et-Loire,49,Les Républicains,LR,Sénat,,,m
Christophe Borgel,Haute-Garonne,31,Parti socialiste,PS,Assemblée nationale,,,m
Christophe Bouillon,Seine-Maritime,76,Parti socialiste,PS,Assemblée nationale,,,m
Christophe Caresche,Paris,75,Parti socialiste,PS,Assemblée nationale,,,m
Christophe Castaner,Alpes-de-Haute-Provence,4,Parti socialiste,PS,Assemblée nationale,,,m
Christophe Cavard,Gard,30,Europe Ecologie Les Verts,EELV,Assemblée nationale,,,m
Christophe Guilloteau,Rhône,69,Les Républicains,LR,Assemblée nationale,,,m
Christophe Léonard,Ardennes,8,Parti socialiste,PS,Assemblée nationale,,,m
Christophe Premat,Français établis hors de France,99,Parti socialiste,PS,Assemblée nationale,,,m
Christophe Priou,Loire-Atlantique,44,Les Républicains,LR,Assemblée nationale,,,m
Christophe Sirugue,Saône-et-Loire,71,Parti socialiste,PS,Assemblée nationale,,,m
Christophe-André Frassa,Français établis hors de France,997,Les Républicains,LR,Sénat,,,m
Claire-Lise Campion,Essonne,91,Parti socialiste,PS,Sénat,,,f
Claude Bartolone,Seine-Saint-Denis,93,Parti socialiste,PS,Assemblée nationale,,,m
Claude Bérit-Débat,Dordogne,24,Parti socialiste,PS,Sénat,,,m
Claude de Ganay,Loiret,45,Les Républicains,LR,Assemblée nationale,,,m
Claude Goasguen,Paris,75,Les Républicains,LR,Assemblée nationale,,,m
Claude Greff,Indre-et-Loire,37,Les Républicains,LR,Assemblée nationale,,,m
Claude Haut,Vaucluse,84,Parti socialiste,PS,Sénat,,,m
Claude Kern,Bas-Rhin,67,Union des Démocrates et Indépendants,UDI,Sénat,,,m
Claude Malhuret,Allier,3,Les Républicains,LR,Sénat,,,m
Claude Nougein,Corrèze,19,Les Républicains,LR,Sénat,,,m
Claude Raynal,Haute-Garonne,31,Parti socialiste,PS,Sénat,,,m
Claude Sturni,Bas-Rhin,67,Les Républicains,LR,Assemblée nationale,,,m
Claudine Lepage,Français établis hors de France,997,Parti socialiste,PS,Sénat,,,f
Claudine Schmid,Français établis hors de France,99,Les Républicains,LR,Assemblée nationale,,,f
Colette Capdevielle,Pyrénées-Atlantiques,64,Parti socialiste,PS,Assemblée nationale,,,f
Colette Giudicelli,Alpes-Maritimes,6,Les Républicains,LR,Sénat,,,f
Colette Langlade,Dordogne,24,Parti socialiste,PS,Assemblée nationale,,,f
Colette Mélot,Seine-et-Marne,77,Les Républicains,LR,Sénat,,,f
Conchita Lacuey,Gironde,33,Parti socialiste,PS,Assemblée nationale,,,f
Corinne Bouchoux,Maine-et-Loire,49,Europe Ecologie Les Verts,EELV,Sénat,,,f
Corinne Erhel,Côtes-d'Armor,22,Parti socialiste,PS,Assemblée nationale,,,f
Corinne Féret,Calvados,14,Parti socialiste,PS,Sénat,,,f
Corinne Imbert,Charente-Maritime,17,Les Républicains,LR,Sénat,,,f
Cyril Pellevat,Haute-Savoie,74,Les Républicains,LR ,Sénat,,,m
Damien Abad,Ain,1,Les Républicains,LR,Assemblée nationale,,,m
Damien Meslot,Territoire de Belfort,90,Les Républicains,LR,Assemblée nationale,,,m
Daniel Boisserie,Haute-Vienne,87,Parti socialiste,PS,Assemblée nationale,,,m
Daniel Chasseing,Corrèze,19,Les Républicains,LR,Sénat,,,m
Daniel Dubois,Somme,80,Union des Démocrates et Indépendants,UDI,Sénat,,,m
Daniel Fasquelle,Pas-de-Calais,62,Les Républicains,LR,Assemblée nationale,,,m
Daniel Gibbes,Saint-Barthélemy et Saint-Martin,977,Les Républicains,LR,Assemblée nationale,,,m
Daniel Goldberg,Seine-Saint-Denis,93,Parti socialiste,PS,Assemblée nationale,,,m
Daniel Gremillet,Vosges,88,Les Républicains,LR,Sénat,,,m
Daniel Laurent,Charente-Maritime,17,Les Républicains,LR,Sénat,,,m
Daniel Percheron,Pas-de-Calais,62,Parti socialiste,PS,Sénat,,,m
Daniel Raoul,Maine-et-Loire,49,Parti socialiste,PS,Sénat,,,m
Daniel Reiner,Meurthe-et-Moselle,54,Parti socialiste,PS,Sénat,,,m
Daniel Vaillant,Paris,75,Parti socialiste,PS,Assemblée nationale,,,m
Danielle Auroi,Puy-de-Dôme,63,Europe Ecologie Les Verts,EELV,Assemblée nationale,,,m
Danielle Michel,Landes,40,Parti socialiste,PS,Sénat,,,m
David Assouline,Paris,75,Parti socialiste,PS,Sénat,,,m
David Comet,Charente,16,Parti socialiste,PS,Assemblée nationale,,,m
David Douillet,Yvelines,78,Les Républicains,LR,Assemblée nationale,,,m
David Habib,Pyrénées-Atlantiques,64,Parti socialiste,PS,Assemblée nationale,,,m
David Rachline,Var,83,Front national,FN,Sénat,,,m
Delphine Bataille,Nord,59,Parti socialiste,PS,Sénat,,,f
Delphine Batho,Deux-Sèvres,79,Parti socialiste,PS,Assemblée nationale,,,f
Denis Baupin,Paris,75,Europe Ecologie Les Verts,EELV,Assemblée nationale,,,m
Denis Jacquat,Moselle,57,Les Républicains,LR,Assemblée nationale,,,m
Denys Robiliard,Loir-et-Cher,41,Parti socialiste,PS,Assemblée nationale,,,m
Didier Guillaume,Drôme,26,Parti socialiste,PS,Sénat,,,m
Didier Mandelli,Vendée,85,Les Républicains,LR,Sénat,,,m
Didier Marie,Seine-Maritime,76,Parti socialiste,PS,Sénat,,,m
Didier Quentin,Charente-Maritime,17,Les Républicains,LR,Assemblée nationale,,,m
Didier Robert,La Réunion,974,Les Républicains,LR,Sénat,,,m
Dino Cinieri,Loire,42,Les Républicains,LR,Assemblée nationale,,,m
Dominique Baert,Nord,59,Parti socialiste,PS,Assemblée nationale,,,m
Dominique Bailly,Nord,59,Parti socialiste,PS,Sénat,,,m
Dominique Bussereau,Charente-Maritime,17,Les Républicains,LR,Assemblée nationale,,,m
Dominique Chauvel,Seine-Maritime,76,Parti socialiste,PS,Assemblée nationale,,,m
Dominique de Legge,Ille-et-Vilaine,35,Les Républicains,LR,Sénat,,,m
Dominique Dord,Savoie,73,Les Républicains,LR,Assemblée nationale,,,m
Dominique Estrosi Sassone,Alpes-Maritimes,6,Les Républicains,LR,Sénat,,,f
Dominique Gillot,Val-d'Oise,95,Parti socialiste,PS,Sénat,,,m
Dominique Le Mèner,Sarthe,72,Les Républicains,LR,Assemblée nationale,,,m
Dominique Lefebvre,Val-d'Oise,95,Parti socialiste,PS,Assemblée nationale,,,m
Dominique Nachury,Rhône,69,Les Républicains,LR,Assemblée nationale,,,m
Dominique Orliac,Lot,46,Parti radical de gauche		,PRG,Assemblée nationale,,,m
Dominique Potier,Meurthe-et-Moselle,54,Parti socialiste,PS,Assemblée nationale,,,m
Dominique Raimbourg,Loire-Atlantique,44,Parti socialiste,PS,Assemblée nationale,,,m
Dominique Tian,Bouches-du-Rhône,13,Les Républicains,LR,Assemblée nationale,,,m
Dominique Watrin,Pas-de-Calais,62,Parti communiste français,PCF,Sénat,,,m
Edith Gueugneau,Saône-et-Loire,71,Parti socialiste,PS,Assemblée nationale,,,f
Édouard Courtial,Oise,60,Les Républicains,LR,Assemblée nationale,,,m
Edouard Philippe,Seine-Maritime,76,Les Républicains,LR,Assemblée nationale,,,m
Eduardo Rihan Cypel,Seine-et-Marne,77,Parti socialiste,PS,Assemblée nationale,,,m
Éliane Assassi,Seine-Saint-Denis,93,Parti communiste français,PCF,Sénat,,,f
Éliane Giraud,Isère,38,Parti socialiste,PS,Sénat,,,f
Élie Aboud,Hérault,34,Les Républicains,LR,Assemblée nationale,,,f
Élisabeth Doineau,Mayenne,53,Union des Démocrates et Indépendants,UDI,Sénat,,,f
Élisabeth Guigou,Seine-Saint-Denis,93,Parti socialiste,PS,Assemblée nationale,,,f
Elisabeth Lamure,#N/D,69,Les Républicains,LR,Sénat,,,f
Elisabeth Pochon,Seine-Saint-Denis,93,Parti socialiste,PS,Assemblée nationale,,,f
Emeric Bréhier,Seine-et-Marne,77,Parti socialiste,PS,Assemblée nationale,,,m
Éric Alauzet,Doubs,25,Europe Ecologie Les Verts,EELV,Assemblée nationale,,,m
Eric Bocquet,Nord,59,Parti communiste français,PCF,Sénat,,,m
Éric Ciotti,Alpes-Maritimes,6,Les Républicains,LR,Assemblée nationale,,,m
Éric Doligé,Loiret,45,Les Républicains,LR,Sénat,,,m
Éric Jalton,Guadeloupe,971,Parti communiste guadeloupéen,Groupe SRC,Assemblée nationale,,,m
Éric Jeansannetas,Creuse,23,Parti socialiste,PS,Sénat,,,m
Éric Straumann,Haut-Rhin,68,Les Républicains,LR,Assemblée nationale,,,m
Éric Woerth,Oise,60,Les Républicains,LR,Assemblée nationale,,,m
Ericka Bareigts,Réunion,974,Parti socialiste,PS,Assemblée nationale,,,f
Erwann Binet,Isère,38,Parti socialiste,PS,Assemblée nationale,,,m
Estelle Grelier,Seine-Maritime,76,Parti socialiste,PS,Assemblée nationale,,,f
Esther Benbassa,Val-de-Marne,94,Europe Ecologie Les Verts,EELV,Sénat,,,f
Étienne Blanc,Ain,1,Les Républicains,LR,Assemblée nationale,,,m
Eva Sas,Essonne,91,Europe Ecologie Les Verts,EELV,Assemblée nationale,,,f
Évelyne Didier,Meurthe-et-Moselle,56,Parti communiste français,PCF,Sénat,,,f
Évelyne Yonnet-Salvator,Seine-Saint-Denis,93,Parti socialiste,PS,Sénat,,,f
Fabienne Keller,Bas-Rhin,67,Les Républicains,LR,Sénat,,,f
Fabrice Verdier,Gard,30,Parti socialiste,PS,Assemblée nationale,,,m
Fanélie Carrey-Conte,Paris,75,Parti socialiste,PS,Assemblée nationale,,,f
Fanny Dombre Coste,Hérault,34,Parti socialiste,PS,Assemblée nationale,,,f
Félix Desplan,Guadeloupe,971,Parti socialiste,PS,Sénat,,,m
Fernand Siré,Pyrénées-Orientales,66,Les Républicains,LR,Sénat,,,m
Florence Delaunay,Landes,40,Parti socialiste,PS,Assemblée nationale,,,f
Florent Boudié,Gironde,33,Parti socialiste,PS,Assemblée nationale,,,m
Francis Delattre,Val-d'Oise,95,Les Républicains,LR,Sénat,,,m
Francis Hillmeyer,Haut-Rhin,68,Union des démocrates et indépendants,UDI,Assemblée nationale,,,m
Francis Vercamer,Nord,59,Union des démocrates et indépendants,UDI,Assemblée nationale,,,m
Franck Gilard,Eure,27,Les Républicains,LR,Assemblée nationale,,,m
Franck Marlin,Essonne,91,Les Républicains,LR,Assemblée nationale,,,m
Franck Montaugé,Gers,32,Parti socialiste,PS,Sénat,,,m
Franck Reynier,Drôme,26,Union des démocrates et indépendants,UDI,Assemblée nationale,,,m
Franck Riester,Seine-et-Marne,77,Les Républicains,LR,Assemblée nationale,,,m
François André,Ille-et-Vilaine,35,Parti socialiste,PS,Assemblée nationale,,,m
François Asensi,Seine-Saint-Denis,93,Forces de gauche,FG,Assemblée nationale,,,m
François Baroin,Aube,10,Les Républicains,LR,Sénat,,,m
François Bonhomme,Tarn-et-Garonne,82,Les Républicains,LR,Sénat,,,m
François Calvet,Pyrénées-Orientales,66,Les Républicains,LR,Sénat,,,m
François Commeinhes,Hérault,34,Les Républicains,LR,Sénat,,,m
François Cornut-Gentille,Haute-Marne,52,Les Républicains,LR,Assemblée nationale,,,m
François de Mazières,Yvelines,78,Les Républicains,LR,Assemblée nationale,,,m
François de Rugy,Loire-Atlantique,44,Union des démocrates et écologistes,UDE,Assemblée nationale,,,m
François Fillon,Paris,75,Les Républicains,LR,Assemblée nationale,,,m
François Fortassin,Hautes-Pyrénées,65,Parti radical de gauche		,PRG,Sénat,,,m
François Grosdidier,Moselle,57,Les Républicains,LR,Sénat,,,m
François Lamy,Essonne,91,Parti socialiste,PS,Assemblée nationale,,,m
François Loncle,Eure,27,Parti socialiste,PS,Assemblée nationale,,,m
François Marc,Finistère,29,Parti socialiste,PS,Sénat,,,m
François Patriat,Côte-d'Or,21,Parti socialiste,PS,Sénat,,,m
François Pillet,Cher,18,Les Républicains,LR,Sénat,,,m
François Pupponi,Val-d'Oise,95,Parti socialiste,PS,Assemblée nationale,,,m
François Rochebloine,Loire,42,Union des démocrates et indépendants,UDI,Assemblée nationale,,,m
François Sauvadet,Côte-d'Or,21,Union des démocrates et indépendants,UDI,Assemblée nationale,,,m
François Scellier,Val-d'Oise,95,Les Républicains,LR,Assemblée nationale,,,m
François Vannson,Vosges,88,Les Républicains,LR,Assemblée nationale,,,m
François Zocchetto,Mayenne,53,Union des Démocrates et Indépendants,UDI,Sénat,,,m
Françoise Cartron,Gironde,33,Parti socialiste,PS,Sénat,,,f
Françoise Descamps-Crosnier,Yvelines,78,Parti socialiste,PS,Assemblée nationale,,,f
Françoise Dubois,Sarthe,72,Parti socialiste,PS,Assemblée nationale,,,f
Françoise Dumas,Gard,30,Parti socialiste,PS,Assemblée nationale,,,f
Françoise Férat,Marne,51,Union des Démocrates et Indépendants,UDI,Sénat,,,f
Françoise Gatel,Ille-et-Vilaine,35,Union des Démocrates et Indépendants,UDI,Sénat,,,f
Françoise Guégot,Seine-Maritime,76,Les Républicains,LR,Assemblée nationale,,,f
Françoise Imbert,Haute-Garonne,31,Parti socialiste,PS,Assemblée nationale,,,f
Françoise Laborde,Haute-Garonne,31,Parti radical de gauche		,PRG,Sénat,,,f
François-Michel Lambert,Bouches-du-Rhône,13,Union des démocrates et écologistes,UDE,Assemblée nationale,,,m
François-Noël Buffet,Rhône,69,Les Républicains,LR,Sénat,,,m
François-Xavier Villain,Nord,59,Union des démocrates et indépendants,UDI,Assemblée nationale,,,m
Frédéric Barbier,Doubs,25,Parti socialiste,PS,Assemblée nationale,,,m
Frédéric Cuvillier,Pas-de-Calais,62,Parti socialiste,PS,Assemblée nationale,,,m
Frédéric Lefebvre,Français établis hors de France,99,Les Républicains,LR,Assemblée nationale,,,m
Frédéric Reiss,Bas-Rhin,67,Les Républicains,LR,Assemblée nationale,,,m
Frédéric Roig,Hérault,34,Parti socialiste,PS,Assemblée nationale,,,m
Frédérique Espagnac,Pyrénées-Atlantiques,64,Parti socialiste,PS,Sénat,,,f
Frédérique Massat,Ariège,9,Parti socialiste,PS,Assemblée nationale,,,f
Gabriel Serville,Guyane,973,Parti socialiste,PS,Assemblée nationale,,,m
Gabrielle Louis-Carabin,Guadeloupe,971,Parti socialiste,PS,Assemblée nationale,,,f
Gaby Charroux,Bouches-du-Rhône,13,Parti communiste français,PCF,Assemblée nationale,,,m
Gaëtan Gorce,Nièvre,58,Parti socialiste,PS,Sénat,,,m
Geneviève Fioraso,Isère,38,Parti socialiste,PS,Assemblée nationale,,,f
Geneviève Gaillard,Deux-Sèvres,79,Parti socialiste,PS,Assemblée nationale,,,f
Geneviève Gosselin-Fleury,Manche,50,Parti socialiste,PS,Assemblée nationale,,,f
Geneviève Levy,Var,83,Les Républicains,LR,Assemblée nationale,,,f
Georges Fenech,Rhône,69,Les Républicains,LR,Assemblée nationale,,,m
Georges Ginesta,Var,83,Les Républicains,LR,Assemblée nationale,,,m
Georges Labazée,Pyrénées-Atlantiques,64,Parti socialiste,PS,Sénat,,,m
Georges Patient,Guyane,973,Parti socialiste,PS,Sénat,,,m
Gérald Darmanin,Nord,59,Les Républicains,LR,Assemblée nationale,,,m
Gérard Bailly,Jura,39,Les Républicains,LR,Sénat,,,m
Gérard Bapt,Haute-Garonne,31,Parti socialiste,PS,Assemblée nationale,,,m
Gérard César,Gironde,33,Les Républicains,LR,Sénat,,,m
Gérard Charasse,Allier,3,Parti radical de gauche		,PRG,Assemblée nationale,,,m
Gérard Cherpion,Vosges,88,Les Républicains,LR,Assemblée nationale,,,m
Gérard Collomb,Rhône,69,Parti socialiste,PS,Sénat,,,m
Gérard Cornu,Eure-et-Loir,28,Les Républicains,LR,Sénat,,,m
Gérard Dériot,Allier,3,Les Républicains,LR,Sénat,,,m
Gérard Larcher,Yvelines,78,Les Républicains,LR,Sénat,,,m
Gérard Longuet,Meuse,55,Les Républicains,LR,Sénat,,,m
Gérard Menuel,Aube,10,Les Républicains,LR,Assemblée nationale,,,m
Gérard Miquel,Lot,46,Parti socialiste,PS,Sénat,,,m
Gérard Roche,Haute-Loire,43,Union des Démocrates et Indépendants,UDI,Sénat,,,m
Gérard Sebaoun,Val-d'Oise,95,Parti socialiste,PS,Assemblée nationale,,,m
Germinal Peiro,Dordogne,24,Parti socialiste,PS,Assemblée nationale,,,m
Gilbert Barbier,Jura,39,Parti radical de gauche		,PRG,Sénat,,,m
Gilbert Bouchet,Drôme,26,Les Républicains,LR,Sénat,,,m
Gilbert Collard,Gard,30,Front national,FN,Assemblée nationale,,,m
Gilbert Le Bris,Finistère,29,Parti socialiste,PS,Assemblée nationale,,,m
Gilbert Roger,Seine-Saint-Denis,93,Parti socialiste,PS,Sénat,,,m
Gilbert Sauvan,Alpes-de-Haute-Provence,4,Parti socialiste,PS,Assemblée nationale,,,m
Gilda Hobert,Rhône,69,Parti radical de gauche		,PRG,Assemblée nationale,,,m
Gilles Bourdouleix,Maine-et-Loire,49,Divers droite,Groupe NI,Assemblée nationale,,,m
Gilles Carrez,Val-de-Marne,94,Les Républicains,LR,Assemblée nationale,,,m
Gilles Lurton,Ille-et-Vilaine,35,Les Républicains,LR,Assemblée nationale,,,m
Gilles Savary,Gironde,33,Parti socialiste,PS,Assemblée nationale,,,m
Gisèle Biémouret,Gers,32,Parti socialiste,PS,Assemblée nationale,,,m
Gisèle Jourda,Aude,11,Parti socialiste,PS,Sénat,,,f
Guénhaël Huet,Manche,50,Les Républicains,LR,Assemblée nationale,,,m
Guillaume Arnell,#N/D,978,Parti radical de gauche		,PRG,Sénat,,,m
Guillaume Bachelay,Seine-Maritime,76,Parti socialiste,PS,Assemblée nationale,,,m
Guillaume Chevrollier,Mayenne,53,Les Républicains,LR,Assemblée nationale,,,m
Guillaume Garot,Mayenne,53,Parti socialiste,PS,Assemblée nationale,,,m
Guillaume Larrivé,Mayenne,53,Les Républicains,LR,Assemblée nationale,,,m
Guy Bailliart,Calvados,14,Parti socialiste,PS,Assemblée nationale,,,m
Guy Chambefort,Allier,3,Parti socialiste,PS,Assemblée nationale,,,m
Guy Delcourt,Pas-de-Calais,62,Parti socialiste,PS,Assemblée nationale,,,m
Guy Geoffroy,Seine-et-Marne,77,Les Républicains,LR,Assemblée nationale,,,m
Guy Teissier,Bouches-du-Rhône,13,Les Républicains,LR,Assemblée nationale,,,m
Guy-Dominique Kennel,Bas-Rhin,67,Les Républicains,LR,Sénat,,,m
Guy-Michel Chauveau,Sarthe,72,Parti socialiste,PS,Assemblée nationale,,,m
Gwendal Rouillard,Morbihan,56,Parti socialiste,PS,Assemblée nationale,,,m
Gwenegan Bui,Finistère,29,Parti socialiste,PS,Assemblée nationale,,,f
Hélène Conway-Mouret,Français établis hors de France,998,Parti socialiste,PS,Sénat,,,f
Hélène Geoffroy,Rhône,69,Parti socialiste,PS,Assemblée nationale,,,f
Henri Cabanel,Hérault,34,Parti socialiste,PS,Sénat,,,m
Henri de Raincourt,Yonne,89,Les Républicains,LR,Sénat,,,m
Henri Emmanuelli,Landes,40,Parti socialiste,PS,Assemblée nationale,,,m
Henri Guaino,Yvelines,78,Les Républicains,LR,Assemblée nationale,,,m
Henri Jibrayel,Bouches-du-Rhône,13,Parti socialiste,PS,Assemblée nationale,,,m
Henri Tandonnet,Lot-et-Garonne,47,Union des Démocrates et Indépendants,UDI,Sénat,,,m
Hermeline Malherbe,Pyrénées-Orientales,66,Parti radical de gauche		,PRG,Sénat,,,f
Hervé Féron,Meurthe-et-Moselle,54,Parti socialiste,PS,Assemblée nationale,,,m
Hervé Gaymard,Savoie,73,Les Républicains,LR,Assemblée nationale,,,m
Hervé Mariton,Drôme,26,Les Républicains,LR,Assemblée nationale,,,m
Hervé Marseille,Hauts-de-Seine,92,Union des Démocrates et Indépendants,UDI,Sénat,,,m
Hervé Maurey,Eure,27,Union des Démocrates et Indépendants,UDI,Sénat,,,m
Hervé Morin,Eure,27,Union des démocrates et indépendants,UDI,Assemblée nationale,,,m
Hervé Pellois,Morbihan,56,Parti socialiste,PS,Assemblée nationale,,,m
Hervé Poher,Pas-de-Calais,62,Parti socialiste,PS,Sénat,,,m
Hilarion Vendegou,Nouvelle-Calédonie,988,Les Républicains,LR,Sénat,,,m
Hubert Falco,Var,83,Les Républicains,LR,Sénat,,,m
Hugues Fourage,Vendée,85,Parti socialiste,PS,Assemblée nationale,,,m
Hugues Portelli,Val-d'Oise,95,Les Républicains,LR,Sénat,,,m
Huguette Bello,Réunion,974,Pour la Réunion de toutes nos forces,Groupe GDR,Assemblée nationale,,,f
Ibrahim Aboubacar,Mayotte,976,Parti socialiste,PS,Assemblée nationale,,,m
Isabelle Attard,Calvados,14,Europe Ecologie Les Verts,EELV,Assemblée nationale,,,f
Isabelle Bruneau,Indre,36,Parti socialiste,PS,Assemblée nationale,,,f
Isabelle Debré,Hauts-de-Seine,92,Les Républicains,LR,Sénat,,,f
Isabelle Le Callennec,Ille-et-Vilaine,35,Les Républicains,LR,Assemblée nationale,,,f
Jackie Pierre,Vosges,88,Les Républicains,LR,Sénat,,,m
Jacky Deromedi,Français établis hors de France,997,Les Républicains,LR,Sénat,,,f
Jacqueline Fraysse,Hauts-de-Seine,92,Forces de gauche,FG,Assemblée nationale,,,f
Jacqueline Gourault,Loir-et-Cher,41,Union des Démocrates et Indépendants,UDI,Sénat,,,f
Jacqueline Maquet,Pas-de-Calais,62,Parti socialiste,PS,Assemblée nationale,,,f
Jacques Alain Bénisti,Val-de-Marne,94,Les Républicains,LR,Assemblée nationale,,,m
Jacques Bigot,Bas-Rhin,67,Parti socialiste,PS,Sénat,,,m
Jacques Bompard,Vaucluse,84,Ligue du Sud,Groupe NI,Assemblée nationale,,,m
Jacques Chiron,Isère,38,Parti socialiste,PS,Sénat,,,m
Jacques Cornano,Guadeloupe,971,Parti socialiste,PS,Sénat,,,m
Jacques Cresta,Pyrénées-Orientales,66,Parti socialiste,PS,Assemblée nationale,,,m
Jacques Gautier,Hauts-de-Seine,92,Les Républicains,LR,Sénat,,,m
Jacques Genest,Ardèche,7,Les Républicains,LR,Sénat,,,m
Jacques Gillot,Guadeloupe,971,Parti socialiste,PS,Sénat,,,m
Jacques Grosperrin,Doubs,25,Les Républicains,LR,Sénat,,,m
Jacques Kossowski,Hauts-de-Seine,92,Les Républicains,LR,Assemblée nationale,,,m
Jacques Krabal,Aisne,2,Parti radical de gauche		,PRG,Assemblée nationale,,,m
Jacques Lamblin,Meurthe-et-Moselle,54,Les Républicains,LR,Assemblée nationale,,,m
Jacques Legendre,Nord,59,Les Républicains,LR,Sénat,,,m
Jacques Mézard,Cantal,15,Parti radical de gauche		,PRG,Sénat,,,m
Jacques Moignard,Tarn-et-Garonne,82,Parti radical de gauche		,PRG,Assemblée nationale,,,m
Jacques Myard,Yvelines,78,Les Républicains,LR,Assemblée nationale,,,m
Jacques Pélissard,Jura,39,Les Républicains,LR,Assemblée nationale,,,m
Jacques Valax,Tarn,81,Parti socialiste,PS,Assemblée nationale,,,m
Jacques-Bernard Magner,Puy-de-Dôme,63,Parti socialiste,PS,Sénat,,,m
Jean Bizet,Manche,50,Les Républicains,LR,Sénat,,,m
Jean Desessard,Paris,75,Europe Ecologie Les Verts,EELV,Sénat,,,m
Jean Glavany,Hautes-Pyrénées,65,Parti socialiste,PS,Assemblée nationale,,,m
Jean Grellier,Deux-Sèvres,79,Parti socialiste,PS,Assemblée nationale,,,m
Jean Jacques Vlody,Réunion,974,Parti socialiste,PS,Assemblée nationale,,,m
Jean Lassalle,Pyrénées-Atlantiques,64,Le Centre pour la France,Groupe NI,Assemblée nationale,,,m
Jean Launay,Lot,46,Parti socialiste,PS,Assemblée nationale,,,m
Jean Leonetti,Alpes-Maritimes,6,Les Républicains,LR,Assemblée nationale,,,m
Jean Louis Masson,Moselle,57,Démocratie et République		,Groupe NI,Sénat,,,m
Jean-Baptiste Lemoyne,Yonne,89,Les Républicains,LR,Sénat,,,m
Jean-Charles Taugourdeau,Maine-et-Loire,49,Les Républicains,LR,Assemblée nationale,,,m
Jean-Christophe Cambadélis,Paris,75,Parti socialiste,PS,Assemblée nationale,,,m
Jean-Christophe Fromantin,Hauts-de-Seine,92,Union des démocrates et indépendants,UDI,Assemblée nationale,,,m
Jean-Christophe Lagarde,Seine-Saint-Denis,93,Union des démocrates et indépendants,UDI,Assemblée nationale,,,m
Jean-Claude Bouchet,Vaucluse,84,Les Républicains,LR,Assemblée nationale,,,m
Jean-Claude Boulard,Sarthe,72,Parti socialiste,PS,Sénat,,,m
Jean-Claude Buisine,Somme,80,Parti socialiste,PS,Assemblée nationale,,,m
Jean-Claude Carle,Haute-Savoie,74,Les Républicains,LR,Sénat,,,m
Jean-Claude Frécon,Loire,42,Parti socialiste,PS,Sénat,,,m
Jean-Claude Fruteau,Réunion,974,Parti socialiste,PS,Assemblée nationale,,,m
Jean-Claude Gaudin,Bouches-du-Rhône,13,Les Républicains,LR,Sénat,,,m
Jean-Claude Guibal,Alpes-Maritimes,6,Les Républicains,LR,Assemblée nationale,,,m
Jean-Claude Lenoir,Orne,61,Les Républicains,LR,Sénat,,,m
Jean-Claude Leroy,Pas-de-Calais,62,Parti socialiste,PS,Sénat,,,m
Jean-Claude Luche,Aveyron,12,Union des Démocrates et Indépendants,UDI,Sénat,,,m
Jean-Claude Mathis,Aube,10,Les Républicains,LR,Assemblée nationale,,,m
Jean-Claude Mignon,Seine-et-Marne,77,Les Républicains,LR,Assemblée nationale,,,m
Jean-Claude Perez,Aude,11,Parti socialiste,PS,Assemblée nationale,,,m
Jean-Claude Requier,Lot,46,Parti radical de gauche		,PRG,Sénat,,,m
Jean-David Ciot,Bouches-du-Rhône,13,Parti socialiste,PS,Assemblée nationale,,,m
Jean-François Copé,Seine-et-Marne,77,Les Républicains,LR,Assemblée nationale,,,m
Jean-François Husson,Meurthe-et-Moselle,54,Les Républicains,LR,Sénat,,,m
Jean-François Lamour,Paris,75,Les Républicains,LR,Assemblée nationale,,,m
Jean-François Longeot,Doubs,25,Union des Démocrates et Indépendants,UDI,Sénat,,,m
Jean-François Mancel,Oise,60,Les Républicains,LR,Assemblée nationale,,,m
Jean-François Mayet,Indre,36,Les Républicains,LR,Sénat,,,m
Jean-Frédéric Poisson,Yvelines,78,Les Républicains,LR,Assemblée nationale,,,m
Jeanine Dubié,Hautes-Pyrénées,65,Parti radical de gauche		,PRG,Assemblée nationale,,,f
Jean-Jacques Bridey,Val-de-Marne,94,Parti socialiste,PS,Assemblée nationale,,,m
Jean-Jacques Candelier,Nord,59,Parti communiste français,PCF,Assemblée nationale,,,m
Jean-Jacques Cottel,Pas-de-Calais,62,Parti socialiste,PS,Assemblée nationale,,,m
Jean-Jacques Filleul,Indre-et-Loire,37,Parti socialiste,PS,Sénat,,,m
Jean-Jacques Guillet,Hauts-de-Seine,92,Les Républicains,LR,Assemblée nationale,,,m
Jean-Jacques Lasserre,Pyrénées-Atlantiques,64,Union des Démocrates et Indépendants,UDI,Sénat,,,m
Jean-Jacques Lozach,Creuse,23,Parti socialiste,PS,Sénat,,,m
Jean-Jacques Panunzi,Corse-du-Sud,2A,Les Républicains,LR,Sénat,,,m
Jean-Jacques Urvoas,Finistère,29,Parti socialiste,PS,Assemblée nationale,,,m
Jean-Léonce Dupont,Calvados,14,Union des Démocrates et Indépendants,UDI,Sénat,,,m
Jean-Louis Bricout,Aisne,2,Parti socialiste,PS,Assemblée nationale,,,m
Jean-Louis Carrère,Landes,40,Parti socialiste,PS,Sénat,,,m
Jean-Louis Christ,Haut-Rhin,68,Les Républicains,LR,Assemblée nationale,,,m
Jean-Louis Costes,Lot-et-Garonne,47,Les Républicains,LR,Assemblée nationale,,,m
Jean-Louis Destans,Eure,27,Parti socialiste,PS,Assemblée nationale,,,m
Jean-Louis Dumont,Meuse,55,Parti socialiste,PS,Assemblée nationale,,,m
Jean-Louis Gagnaire,Loire,42,Parti socialiste,PS,Assemblée nationale,,,m
Jean-Louis Roumégas,Hérault,34,Europe Ecologie Les Verts,EELV,Assemblée nationale,,,m
Jean-Louis Touraine,Rhône,69,Parti socialiste,PS,Assemblée nationale,,,m
Jean-Louis Tourenne,Ille-et-Vilaine,35,Parti socialiste,PS,Sénat,,,m
Jean-Luc Bleunven,Finistère,29,Parti socialiste,PS,Assemblée nationale,,,m
Jean-Luc Laurent,Val-de-Marne,94,Parti socialiste,PS,Assemblée nationale,,,m
Jean-Luc Reitzer,Haut-Rhin,68,Les Républicains,LR,Assemblée nationale,,,m
Jean-Luc Warsmann,Ardennes,8,Les Républicains,LR,Assemblée nationale,,,m
Jean-Marc Ayrault,Loire-Atlantique,44,Parti socialiste,PS,Assemblée nationale,,,m
Jean-Marc Fournel,Meurthe-et-Moselle,54,Parti socialiste,PS,Assemblée nationale,,,m
Jean-Marc Gabouty,Haute-Vienne,87,Union des Démocrates et Indépendants,UDI,Sénat,,,m
Jean-Marc Germain,Hauts-de-Seine,92,Parti socialiste,PS,Assemblée nationale,,,m
Jean-Marie Beffara,Indre-et-Loire,37,Parti socialiste,PS,Assemblée nationale,,,m
Jean-Marie Bockel,Haut-Rhin,68,Union des Démocrates et Indépendants,UDI,Sénat,,,m
Jean-Marie Morisset,Deux-Sèvres,79,Les Républicains,LR,Sénat,,,m
Jean-Marie Sermier,Jura,39,Les Républicains,LR,Assemblée nationale,,,m
Jean-Marie Tetart,Yvelines,78,Les Républicains,LR,Assemblée nationale,,,m
Jean-Marie Vanlerenberghe,Pas-de-Calais,62,Union des Démocrates et Indépendants,UDI,Sénat,,,m
Jean-Michel Clément,Vienne,86,Parti socialiste,PS,Assemblée nationale,,,m
Jean-Michel Couve,Var,83,Les Républicains,LR,Assemblée nationale,,,m
Jean-Michel Villaumé,Haute-Saône,70,Parti socialiste,PS,Assemblée nationale,,,m
Jean-Noël Cardoux,Loiret,45,Les Républicains,LR,Sénat,,,m
Jean-Noël Carpentier,Val-d'Oise,95,Parti radical de gauche		,PRG,Assemblée nationale,,,m
Jean-Noël Guérini,Bouches-du-Rhône,13,Parti radical de gauche		,PRG,Sénat,,,m
Jeanny Lorgeoux,Loir-et-Cher,41,Parti socialiste,PS,Sénat,,,m
Jean-Patrick Gille,Indre-et-Loire,37,Parti socialiste,PS,Assemblée nationale,,,m
Jean-Paul Bacquet,Puy-de-Dôme,63,Parti socialiste,PS,Assemblée nationale,,,m
Jean-Paul Chanteguet,Indre,36,Parti socialiste,PS,Assemblée nationale,,,m
Jean-Paul Dupré,Aude,11,Parti socialiste,PS,Assemblée nationale,,,m
Jean-Paul Emorine,Saône-et-Loire,71,Les Républicains,LR,Sénat,,,m
Jean-Paul Fournier,Gard,30,Les Républicains,LR,Sénat,,,m
Jean-Paul Tuaiva,Polynésie Française,987,Union des démocrates et indépendants,UDI,Assemblée nationale,,,m
Jean-Philippe Nilor,Martinique,972,Mouvement Indépendantiste Martiniquais,Groupe GDR,Assemblée nationale,,,m
Jean-Pierre Allossery,Nord,59,Parti socialiste,PS,Assemblée nationale,,,m
Jean-Pierre Barbier,Isère,38,Les Républicains,LR,Assemblée nationale,,,m
Jean-Pierre Blazy,Val-d'Oise,95,Parti socialiste,PS,Assemblée nationale,,,m
Jean-Pierre Bosino,Oise,60,Parti communiste français,PCF,Sénat,,,m
Jean-Pierre Caffet,Paris,75,Parti socialiste,PS,Sénat,,,m
Jean-Pierre Cantegrit,Français établis hors de France,998,Les Républicains,LR,Sénat,,,m
Jean-Pierre Decool,Nord,59,Les Républicains,LR,Assemblée nationale,,,m
Jean-Pierre Door,Loiret,45,Les Républicains,LR,Assemblée nationale,,,m
Jean-Pierre Dufau,Landes,40,Parti socialiste,PS,Assemblée nationale,,,m
Jean-Pierre Giran,Var,83,Les Républicains,LR,Assemblée nationale,,,m
Jean-Pierre Godefroy,Manche,50,Parti socialiste,PS,Sénat,,,m
Jean-Pierre Gorges,Eure-et-Loir,28,Les Républicains,LR,Assemblée nationale,,,m
Jean-Pierre Grand,Hérault,34,Les Républicains,LR,Sénat,,,m
Jean-Pierre Le Roch,Morbihan,56,Parti socialiste,PS,Assemblée nationale,,,m
Jean-pierre Leleux,Alpes-Maritimes,6,Les Républicains,LR,Sénat,,,m
Jean-Pierre Maggi,Bouches-du-Rhône,13,Parti radical de gauche		,PRG,Assemblée nationale,,,m
Jean-Pierre Masseret,Moselle,57,Parti socialiste,PS,Sénat,,,m
Jean-Pierre Raffarin,Vienne,86,Les Républicains,LR,Sénat,,,m
Jean-Pierre Sueur,Loiret,45,Parti socialiste,PS,Sénat,,,m
Jean-Pierre Vial,Savoie,73,Les Républicains,LR,Sénat,,,m
Jean-Pierre Vigier,Haute-Loire,43,Les Républicains,LR,Assemblée nationale,,,m
Jean-pierre Vogel,Sarthe,72,Les Républicains,LR,Sénat,,,m
Jean-René Marsac,Ille-et-Vilaine,35,Parti socialiste,PS,Assemblée nationale,,,m
Jean-Sébastien Vialatte,Var,83,Les Républicains,LR,Assemblée nationale,,,m
Jean-Vincent Placé,Essonne,91,Union des démocrates et écologistes,UDE,Sénat,,,m
Jean-Yves Caullet,Yonne,89,Parti socialiste,PS,Assemblée nationale,,,m
Jean-Yves Le Bouillonnec,Val-de-Marne,94,Parti socialiste,PS,Assemblée nationale,,,m
Jean-Yves Le Déaut,Meurthe-et-Moselle,54,Parti socialiste,PS,Assemblée nationale,,,m
Jean-Yves Leconte,Français établis hors de France,998,Parti socialiste,PS,Sénat,,,m
Jean-Yves Roux,Alpes de Haute-Provence,4,Parti socialiste,PS,Sénat,,,m
Jérôme Bignon,Somme,80,Les Républicains,LR,Sénat,,,m
Jérôme Chartier,Val-d'Oise,95,Les Républicains,LR,Assemblée nationale,,,m
Jérôme Durain,Saône-et-Loire,71,Parti socialiste,PS,Sénat,,,m
Jérôme Lambert,Charente,16,Parti socialiste,PS,Assemblée nationale,,,m
Joaquim Pueyo,Orne,61,Parti socialiste,PS,Assemblée nationale,,,m
Joël Giraud,Hautes-Alpes,5,Parti radical de gauche		,PRG,Assemblée nationale,,,m
Joël Guerriau,Loire-Atlantique,44,Union des Démocrates et Indépendants,UDI,Sénat,,,m
Joël Labbé,Morbihan,56,Europe Ecologie Les Verts,EELV,Sénat,,,m
Joëlle Garriaud-Maylam,Français établis hors de France,998,Les Républicains,LR,Sénat,,,f
Joëlle Huillier,Isère,38,Parti socialiste,PS,Assemblée nationale,,,f
Jonas Tahuaitu,Polynésie Française,987,Union des démocrates et indépendants,UDI,Assemblée nationale,,,m
Joseph Castelli,Haute-Corse,2B,Parti radical de gauche		,PRG,Sénat,,,m
Josette Durrieu,Hautes-Pyrénées,65,Parti socialiste,PS,Sénat,,,f
Josette Pons,Var,83,Les Républicains,LR,Assemblée nationale,,,f
Julie Sommaruga,Hauts-de-Seine,92,Parti socialiste,PS,Assemblée nationale,,,f
Julien Aubert,Vaucluse,84,Les Républicains,LR,Assemblée nationale,,,m
Kader Arif,Haute-Garonne,31,Parti socialiste,PS,Assemblée nationale,,,m
Karine Berger,Hautes-Alpes,5,Parti socialiste,PS,Assemblée nationale,,,f
Karine Claireaux,Saint-Pierre-et-Miquelon,975,Parti socialiste,PS,Sénat,,,f
Kheira Bouziane-Laroussi,Côte-d'Or,21,Parti socialiste,PS,Assemblée nationale,,,f
Kléber Mesquida,Hérault,34,Parti socialiste,PS,Assemblée nationale,,,m
Ladislas Poniatowski,Eure,27,Les Républicains,LR,Sénat,,,m
Lana Tetuanui,Polynésie Française,987,Union des Démocrates et Indépendants,UDI,Sénat,,,f
Laure de La Raudière,Eure-et-Loir,28,Les Républicains,LR,Assemblée nationale,,,f
Laurence Abeille,Val-de-Marne,94,Europe Ecologie Les Verts,EELV,Assemblée nationale,,,f
Laurence Arribagé,Haute-Garonne,31,Les Républicains,LR,Assemblée nationale,,,f
Laurence Cohen,Val-de-Marne,94,Parti communiste français,PCF,Sénat,,,f
Laurence Dumont,Calvados,14,Parti socialiste,PS,Assemblée nationale,,,f
Laurent Baumel,Indre-et-Loire,37,Parti socialiste,PS,Assemblée nationale,,,m
Laurent Cathala,Val-de-Marne,94,Parti socialiste,PS,Assemblée nationale,,,m
Laurent Degallaix,Nord,59,Union des démocrates et indépendants,UDI,Assemblée nationale,,,m
Laurent Furst,Bas-Rhin,67,Les Républicains,LR,Assemblée nationale,,,m
Laurent Grandguillaume,Côte-d'Or,21,Parti socialiste,PS,Assemblée nationale,,,m
Laurent Kalinowski,Moselle,57,Parti socialiste,PS,Assemblée nationale,,,m
Laurent Marcangeli,Corse-du-Sud,2A,Les Républicains,LR,Assemblée nationale,,,m
Laurent Wauquiez,Haute-Loire,43,Les Républicains,LR,Assemblée nationale,,,m
Leila Aïchi,Paris,75,Europe Ecologie Les Verts,EELV,Sénat,,,f
Linda Gourjade,Tarn,81,Parti socialiste,PS,Assemblée nationale,,,f
Lionel Tardy,Haute-Savoie,74,Les Républicains,LR,Assemblée nationale,,,m
Lionnel Luca,Alpes-Maritimes,6,Les Républicains,LR,Assemblée nationale,,,m
Loïc Hervé,Haute-Savoie,74,Union des Démocrates et Indépendants,UDI,Sénat,,,m
Louis Duvernois,Français établis hors de France,998,Les Républicains,LR,Sénat,,,m
Louis Nègre,Alpes-Maritimes,6,Les Républicains,LR,Sénat,,,m
Louis Pinton,Indre,36,Les Républicains,LR,Sénat,,,m
Louis-Jean de Nicolaÿ,Sarthe,72,Les Républicains,LR,Sénat,,,m
Luc Belot,Maine-et-Loire,49,Parti socialiste,PS,Assemblée nationale,,,m
Luc Carvounas,Val-de-Marne,94,Parti socialiste,PS,Sénat,,,m
Luc Chatel,Haute-Marne,52,Les Républicains,LR,Assemblée nationale,,,m
Luce Pane,Seine-Maritime,76,Parti socialiste,PS,Assemblée nationale,,,f
Lucette Lousteau,Lot-et-Garonne,47,Parti socialiste,PS,Assemblée nationale,,,f
Lucien Degauchy,Oise,60,Les Républicains,LR,Assemblée nationale,,,m
Maina Sage,Polynésie Française,987,Union des démocrates et indépendants,UDI,Assemblée nationale,,,f
Malek Boutih,Essonne,91,Parti socialiste,PS,Assemblée nationale,,,m
Marc Daunis,Alpes-Maritimes,6,Parti socialiste,PS,Sénat,,,m
Marc Dolez,Nord,59,Parti communiste français,PCF,Assemblée nationale,,,m
Marc Francina,Haute-Savoie,74,Les Républicains,LR,Assemblée nationale,,,m
Marc Goua,Maine-et-Loire,49,Parti socialiste,PS,Assemblée nationale,,,m
Marc Laffineur,Maine-et-Loire,49,Les Républicains,LR,Assemblée nationale,,,m
Marc Laménie,Ardennes,8,Les Républicains,LR,Sénat,,,m
Marc Le Fur,Côtes-d'Armor,22,Les Républicains,LR,Assemblée nationale,,,m
Marcel Bonnot,Doubs,25,Les Républicains,LR,Assemblée nationale,,,m
Marcel Rogemont,Ille-et-Vilaine,35,Parti socialiste,PS,Assemblée nationale,,,m
Marc-Philippe Daubresse,Nord,59,Les Républicains,LR,Assemblée nationale,,,m
Marianne Dubois,Loiret,45,Les Républicains,LR,Assemblée nationale,,,f
Marie Le Vern,Seine-Maritime,76,Parti socialiste,PS,Assemblée nationale,,,f
Marie Mercier,Saône-et-Loire,71,Les Républicains,LR,Sénat,,,f
Marie Récalde,Gironde,33,Parti socialiste,PS,Assemblée nationale,,,f
Marie-Anne Chapdelaine,Ille-et-Vilaine,35,Parti socialiste,PS,Assemblée nationale,,,f
Marie-Annick Duchêne,Yvelines,78,Les Républicains,LR,Sénat,,,f
Marie-Arlette Carlotti,Bouches-du-Rhône,13,Parti socialiste,PS,Assemblée nationale,,,f
Marie-Christine Blandin,Nord,59,Europe Ecologie Les Verts,EELV,Sénat,,,f
Marie-Christine Dalloz,Jura,39,Les Républicains,LR,Assemblée nationale,,,f
Marie-France Beaufils,Indre-et-Loire,37,Parti communiste français,PCF,Sénat,,,f
Marie-Françoise Bechtel,Aisne,2,Parti socialiste,PS,Assemblée nationale,,,f
Marie-Françoise Clergeau,Loire-Atlantique,44,Parti socialiste,PS,Assemblée nationale,,,f
Marie-Françoise Perol-Dumont,Haute-Vienne,87,Parti socialiste,PS ,Sénat,,,f
Marie-George Buffet,Seine-Saint-Denis,93,Parti communiste français,PCF,Assemblée nationale,,,f
Marie-Hélène Des Esgaulx,Gironde,33,Les Républicains,LR,Sénat,,,f
Marie-Hélène Fabre,Aude,11,Parti socialiste,PS,Assemblée nationale,,,f
Marie-Jo Zimmermann,Moselle,57,Les Républicains,LR,Assemblée nationale,,,f
Marie-Line Reynaud,Charente,16,Parti socialiste,PS,Assemblée nationale,,,f
Marie-Lou Marcel,Aveyron,12,Parti socialiste,PS,Assemblée nationale,,,f
Marie-Louise Fort,Yonne,89,Les Républicains,LR,Assemblée nationale,,,f
Marie-Noëlle Battistel,Isère,38,Parti socialiste,PS,Assemblée nationale,,,f
Marie-Noëlle Lienemann,Paris,75,Parti socialiste,PS,Sénat,,,f
Marie-Odile Bouillé,Loire-Atlantique,44,Parti socialiste,PS,Assemblée nationale,,,f
Marie-Pierre Monier,Drôme,26,Parti socialiste,PS,Sénat,,,f
Marietta Karamanli,Sarthe,72,Parti socialiste,PS,Assemblée nationale,,,f
Marion Maréchal-Le Pen,Vaucluse,84,Front national,FN,Assemblée nationale,,,f
Martial Bourquin,Doubs,25,Parti socialiste,PS,Sénat,,,m
Martial Saddier,Haute-Savoie,74,Les Républicains,LR,Assemblée nationale,,,m
Martine Carrillon-Couvreur,Nièvre,58,Parti socialiste,PS,Assemblée nationale,,,f
Martine Faure,Gironde,33,Parti socialiste,PS,Assemblée nationale,,,f
Martine Lignières-Cassou,Pyrénées-Atlantiques,64,Parti socialiste,PS,Assemblée nationale,,,f
Martine Martinel,Haute-Garonne,31,Parti socialiste,PS,Assemblée nationale,,,f
Maryvonne Blondin,Finistère,29,Parti socialiste,PS,Sénat,,,f
Mathieu Darnaud,Ardèche,7,Les Républicains,LR,Sénat,,,m
Mathieu Hanotin,Seine-Saint-Denis,93,Parti socialiste,PS,Assemblée nationale,,,m
Maud Olivier,Essonne,91,Parti socialiste,PS,Assemblée nationale,,,f
Maurice Antiste,Martinique,972,Parti socialiste,PS,Sénat,,,m
Maurice Leroy,Loir-et-Cher,41,Union des démocrates et indépendants,UDI,Assemblée nationale,,,m
Maurice Vincent,Loire,42,Parti socialiste,PS,Sénat,,,m
Meyer Habib,Français établis hors de France,99,Union des démocrates et indépendants,UDI,Assemblée nationale,,,m
Michel Amiel ,Bouches-du-Rhône,13,Parti radical de gauche		,PRG,Sénat,,,m
Michel Berson,Essonne,91,Parti socialiste,PS,Sénat,,,m
Michel Billout,Seine-et-Marne,77,Parti communiste français,PCF,Sénat,,,m
Michel Boutant,Charente,16,Parti socialiste,PS,Sénat,,,m
Michel Bouvard,Savoie,73,Les Républicains,LR,Sénat,,,m
Michel Canevet,Finistère,29,Union des Démocrates et Indépendants,UDI,Sénat,,,m
Michel Delebarre   ,Nord,59,Parti socialiste,PS,Sénat,,,m
Michel Destot,Isère,38,Parti socialiste,PS,Assemblée nationale,,,m
Michel Fontaine,La Réunion,974,Les Républicains,LR,Sénat,,,m
Michel Forissier,Rhône,69,Les Républicains,LR,Sénat,,,m
Michel Françaix,Oise,60,Parti socialiste,PS,Assemblée nationale,,,m
Michel Heinrich,Vosges,88,Les Républicains,LR,Assemblée nationale,,,m
Michel Herbillon,Val-de-Marne,94,Les Républicains,LR,Assemblée nationale,,,m
Michel Houel,Seine-et-Marne,77,Les Républicains,LR,Sénat,,,m
Michel Issindou,Isère,38,Parti socialiste,PS,Assemblée nationale,,,m
Michel Le Scouarnec,Morbihan,56,Parti communiste français,PCF,Sénat,,,m
Michel Lefait,Pas-de-Calais,62,Parti socialiste,PS,Assemblée nationale,,,m
Michel Lesage,Côtes-d'Armor,22,Parti socialiste,PS,Assemblée nationale,,,m
Michel Liebgott,Moselle,57,Parti socialiste,PS,Assemblée nationale,,,m
Michel Magras,Saint-Barthélemy,977,Les Républicains,LR,Sénat,,,m
Michel Ménard,Loire-Atlantique,44,Parti socialiste,PS,Assemblée nationale,,,m
Michel Mercier,Rhône,69,Union des Démocrates et Indépendants,UDI,Sénat,,,m
Michel Pajon,Seine-Saint-Denis,93,Parti socialiste,PS,Assemblée nationale,,,m
Michel Piron,Maine-et-Loire,49,Union des démocrates et indépendants,UDI,Assemblée nationale,,,m
Michel Pouzol,Essonne,91,Parti socialiste,PS,Assemblée nationale,,,m
Michel Raison,Haute-Saône,70,Les Républicains,LR,Sénat,,,m
Michel Savin,Isère,38,Les Républicains,LR,Sénat,,,m
Michel Sordi,Haut-Rhin,68,Les Républicains,LR,Assemblée nationale,,,m
Michel Terrot,Rhône,69,Les Républicains,LR,Assemblée nationale,,,m
Michel Vaspart,Côtes-d'Armor,22,Les Républicains,LR,Sénat,,,m
Michel Vauzelle,Bouches-du-Rhône,13,Parti socialiste,PS,Assemblée nationale,,,m
Michel Vergnier,Creuse,23,Parti socialiste,PS,Assemblée nationale,,,m
Michel Vergoz,La Réunion,974,Parti socialiste,PS,Sénat,,,m
Michel Voisin,Ain,1,Les Républicains,LR,Assemblée nationale,,,m
Michel Zumkeller,Territoire de Belfort,90,Union des démocrates et indépendants,UDI,Assemblée nationale,,,m
Michèle André ,Puy-de-Dôme,63,Parti socialiste,PS,Sénat,,,f
Michèle Bonneton,Isère,38,Europe Ecologie Les Verts,EELV,Assemblée nationale,,,f
Michèle Delaunay,Gironde,33,Parti socialiste,PS,Assemblée nationale,,,f
Michèle Fournier-Armand,Vaucluse,84,Parti socialiste,PS,Assemblée nationale,,,f
Michèle Tabarot,Alpes-Maritimes,6,Les Républicains,LR,Assemblée nationale,,,f
Michelle Demessine,Nord,59,Parti communiste français,PCF,Sénat,,,f
Michelle Meunier,Loire-Atlantique,44,Parti socialiste,PS,Sénat,,,f
Mireille Jouve,Bouches-du-Rhône,13,Parti radical de gauche		,PRG,Sénat,,,f
Monique Iborra,Haute-Garonne,31,Parti socialiste,PS,Assemblée nationale,,,f
Monique Orphé,Réunion,974,Parti socialiste,PS,Assemblée nationale,,,f
Monique Rabin,Loire-Atlantique,44,Parti socialiste,PS,Assemblée nationale,,,f
Napole Polutélé,Wallis-et-Futuna,986,Parti socialiste,PS,Assemblée nationale,,,m
Natacha Bouchart,Pas-de-Calais,62,Les Républicains,LR,Sénat,,,f
Nathalie Appéré,Ille-et-Vilaine,35,Parti socialiste,PS,Assemblée nationale,,,f
Nathalie Chabanne,Pyrénées-Atlantiques,64,Parti socialiste,PS,Assemblée nationale,,,f
Nathalie Goulet,Orne,61,Union des Démocrates et Indépendants,UDI,Sénat,,,f
Nathalie Kosciusko-Morizet,Essonne,91,Les Républicains,LR,Assemblée nationale,,,f
Nathalie Nieson,Drôme,26,Parti socialiste,PS,Assemblée nationale,,,f
Nelly Tocqueville,Seine-Maritime,76,Parti socialiste,PS,Sénat,,,f
Nicolas Bays,Pas-de-Calais,62,Parti socialiste,PS,Assemblée nationale,,,m
Nicolas Dhuicq,Aube,10,Les Républicains,LR,Assemblée nationale,,,m
Nicolas Dupont-Aignan,Essonne,91,Debout la France,DLF,Assemblée nationale,,,m
Nicolas Sansu,Cher,18,Parti communiste français,PCF,Assemblée nationale,,,m
Nicole Ameline,Calvados,14,Les Républicains,LR,Assemblée nationale,,,f
Nicole Bonnefoy,Charente,16,Parti socialiste,PS,Sénat,,,f
Nicole Bricq,Seine-et-Marne,77,Parti socialiste,PS,Sénat,,,f
Nicole Duranton,Eure,27,Les Républicains,LR,Sénat,,,f
Noël Mamère,Gironde,33,Europe Ecologie Les Verts,EELV,Assemblée nationale,,,m
Nuihau Laurey,Polynésie Française,987,Union des Démocrates et Indépendants,UDI,Sénat,,,m
Odette Herviaux,Morbihan,56,Parti socialiste,PS,Sénat,,,f
Odile Saugues,Puy-de-Dôme,63,Parti socialiste,PS,Assemblée nationale,,,f
Olivier Audibert Troin,Var,83,Les Républicains,LR,Assemblée nationale,,,m
Olivier Cadic,Français établis hors de France,997,Union des Démocrates et Indépendants,UDI,Sénat,,,m
Olivier Carré,Loiret,45,Les Républicains,LR,Assemblée nationale,,,m
Olivier Cigolotti,Haute-Loire,43,Union des Démocrates et Indépendants,UDI,Sénat,,,m
Olivier Dassault,Oise,60,Les Républicains,LR,Assemblée nationale,,,m
Olivier Dussopt,Ardèche,7,Parti socialiste,PS,Assemblée nationale,,,m
Olivier Falorni,Charente-Maritime,17,Parti radical de gauche		,PRG,Assemblée nationale,,,m
Olivier Faure,Seine-et-Marne,77,Parti socialiste,PS,Assemblée nationale,,,m
Olivier Marleix,Eure-et-Loir,28,Les Républicains,LR,Assemblée nationale,,,m
Paola Zanetti,Moselle,57,Parti socialiste,PS,Assemblée nationale,,,f
Pascal Allizard,Calvados,14,Les Républicains,LR,Sénat,,,m
Pascal Cherki,Paris,75,Parti socialiste,PS,Assemblée nationale,,,m
Pascal Deguilhem,Dordogne,24,Parti socialiste,PS,Assemblée nationale,,,m
Pascal Demarthe,Somme,80,Parti socialiste,PS,Assemblée nationale,,,m
Pascal Popelin,Seine-Saint-Denis,93,Parti socialiste,PS,Assemblée nationale,,,m
Pascal Terrasse,Ardèche,7,Parti socialiste,PS,Assemblée nationale,,,m
Pascale Crozon,Rhône,69,Parti socialiste,PS,Assemblée nationale,,,f
Pascale Got,Gironde,33,Parti socialiste,PS,Assemblée nationale,,,f
Pascale Gruny,Aisne,2,Les Républicains,LR,Sénat,,,f
Patrice Carvalho,Oise,60,Parti communiste français,PCF,Assemblée nationale,,,m
Patrice Martin-Lalande,Loir-et-Cher,41,Les Républicains,LR,Assemblée nationale,,,m
Patrice Prat,Gard,30,Parti socialiste,PS,Assemblée nationale,,,m
Patrice Verchère,Rhône,69,Les Républicains,LR,Assemblée nationale,,,m
Patricia Adam,Finistère,29,Parti socialiste,PS,Assemblée nationale,,,f
Patricia Morhet-Richaud,Hautes-Alpes,5,Les Républicains,LR,Sénat,,,f
Patricia Schillinger,Haut-Rhin,68,Parti socialiste,PS,Sénat,,,f
Patrick Abate,Moselle,57,Parti communiste français,PCF,Sénat,,,m
Patrick Balkany,Hauts-de-Seine,92,Les Républicains,LR,Assemblée nationale,,,m
Patrick Bloche,Paris,75,Parti socialiste,PS,Assemblée nationale,,,m
Patrick Chaize,Ain,1,Les Républicains,LR,Sénat,,,m
Patrick Devedjian,Hauts-de-Seine,92,Les Républicains,LR,Assemblée nationale,,,m
Patrick Hetzel,Bas-Rhin,67,Les Républicains,LR,Assemblée nationale,,,m
Patrick Labaune,Drôme,26,Les Républicains,LR,Assemblée nationale,,,m
Patrick Lebreton,Réunion,974,Parti socialiste,PS,Assemblée nationale,,,m
Patrick Lemasle,Haute-Garonne,31,Parti socialiste,PS,Assemblée nationale,,,m
Patrick Masclet,Nord,59,Les Républicains,LR,Sénat,,,m
Patrick Mennucci,Bouches-du-Rhône,13,Parti socialiste,PS,Assemblée nationale,,,m
Patrick Ollier,Hauts-de-Seine,92,Les Républicains,LR,Assemblée nationale,,,m
Patrick Vignal,Hérault,34,Parti socialiste,PS,Assemblée nationale,,,m
Paul Giacobbi,Haute-Corse,2B,Parti radical de gauche		,PRG,Assemblée nationale,,,m
Paul Molac,Morbihan,56,Europe Ecologie Les Verts,EELV,Assemblée nationale,,,m
Paul Salen,Loire,42,Les Républicains,LR,Assemblée nationale,,,m
Paul Vergès,La Réunion,974,Parti communiste français,PCF,Sénat,,,m
Philip Cordery,Français établis hors de France,99,Parti socialiste,PS,Assemblée nationale,,,m
Philippe Adnot,Aube,10,Mouvement libéral et modéré,Groupe NI,Sénat,,,m
Philippe Armand Martin,Marne,51,Les Républicains,LR,Assemblée nationale,,,m
Philippe Bas,Manche,50,Les Républicains,LR,Sénat,,,m
Philippe Baumel,Saône-et-Loire,71,Parti socialiste,PS,Assemblée nationale,,,m
Philippe Bies,Bas-Rhin,67,Parti socialiste,PS,Assemblée nationale,,,m
Philippe Bonnecarrère,Tarn,81,Union des Démocrates et Indépendants,UDI,Sénat,,,m
Philippe Briand,Indre-et-Loire,37,Les Républicains,LR,Assemblée nationale,,,m
Philippe Cochet,Rhône,69,Les Républicains,LR,Assemblée nationale,,,m
Philippe Dallier,Seine-Saint-Denis,93,Les Républicains,LR,Sénat,,,m
Philippe Dominati,Paris,75,Les Républicains,LR,Sénat,,,m
Philippe Doucet,Val-d'Oise,95,Parti socialiste,PS,Assemblée nationale,,,m
Philippe Duron,Calvados,14,Parti socialiste,PS,Assemblée nationale,,,m
Philippe Esnol,Yvelines,78,Parti radical de gauche		,PRG,Sénat,,,m
Philippe Folliot,Tarn,81,Union des démocrates et indépendants,UDI,Assemblée nationale,,,m
Philippe Gomes,Nouvelle-Calédonie,988,Union des démocrates et indépendants,UDI,Assemblée nationale,,,m
Philippe Gosselin,Manche,50,Les Républicains,LR,Assemblée nationale,,,m
Philippe Goujon,Paris,75,Les Républicains,LR,Assemblée nationale,,,m
Philippe Houillon,Val-d'Oise,95,Les Républicains,LR,Assemblée nationale,,,m
Philippe Kaltenbach,Hauts-de-Seine,92,Parti socialiste,PS,Sénat,,,m
Philippe Kemel,Pas-de-Calais,62,Parti socialiste,PS,Assemblée nationale,,,m
Philippe Le Ray,Morbihan,56,Les Républicains,LR,Assemblée nationale,,,m
Philippe Leroy,Moselle,57,Les Républicains,LR,Sénat,,,m
Philippe Madrelle,Gironde,33,Parti socialiste,PS,Sénat,,,m
Philippe Martin,Gers,32,Parti socialiste,PS,Assemblée nationale,,,m
Philippe Meunier,Rhône,69,Les Républicains,LR,Assemblée nationale,,,m
Philippe Mouiller,Deux-Sèvres,79,Les Républicains,LR,Sénat,,,m
Philippe Nachbar,Meurthe-et-Moselle,54,Les Républicains,LR,Sénat,,,m
Philippe Nauche,Corrèze,19,Parti socialiste,PS,Assemblée nationale,,,m
Philippe Noguès,Morbihan,56,Parti socialiste,PS,Assemblée nationale,,,m
Philippe Paul,Finistère,29,Les Républicains,LR,Sénat,,,m
Philippe Plisson,Gironde,33,Parti socialiste,PS,Assemblée nationale,,,m
Philippe Vigier,Eure-et-Loir,28,Union des démocrates et indépendants,UDI,Assemblée nationale,,,m
Philippe Vitel,Var,83,Les Républicains,LR,Assemblée nationale,,,m
Pierre Aylagas,Pyrénées-Orientales,66,Parti socialiste,PS,Assemblée nationale,,,m
Pierre Camani,Lot-et-Garonne,47,Parti socialiste,PS,Sénat,,,m
Pierre Charon,Paris,75,Les Républicains,LR,Sénat,,,m
Pierre Frogier,Nouvelle-Calédonie,988,Les Républicains,LR,Sénat,,,m
Pierre Laurent,Paris,75,Parti communiste français,PCF,Sénat,,,m
Pierre Lellouche,Paris,75,Les Républicains,LR,Assemblée nationale,,,m
Pierre Lequiller,Yvelines,78,Les Républicains,LR,Assemblée nationale,,,m
Pierre Médevielle,Haute-Garonne,31,Union des Démocrates et Indépendants,UDI,Sénat,,,m
Pierre Morange,Yvelines,78,Les Républicains,LR,Assemblée nationale,,,m
Pierre Morel-A-L'Huissier,Lozère,48,Les Républicains,LR,Assemblée nationale,,,m
Pierre Ribeaud,Isère,38,Parti socialiste,PS,Assemblée nationale,,,m
Pierre-Alain Muet,Rhône,69,Parti socialiste,PS,Assemblée nationale,,,m
Pierre-Yves Collombat,Var,83,Parti radical de gauche		,PRG,Sénat,,,m
Pierre-Yves Le Borgn',Français établis hors de France,99,Parti socialiste,PS,Assemblée nationale,,,m
Pouria Amirshahi,Français établis hors de France,99,Parti socialiste,PS,Assemblée nationale,,,m
Rachel Mazuir,Ain,1,Parti socialiste,PS,Sénat,,,m
Raymond Vall,Gers,32,Parti radical de gauche		,PRG,Sénat,,,m
Razzy Hammadi,Seine-Saint-Denis,93,Parti socialiste,PS,Assemblée nationale,,,m
Régine Povéda,Lot-et-Garonne,47,Parti socialiste,PS,Assemblée nationale,,,f
Régis Juanico,Loire,42,Parti socialiste,PS,Assemblée nationale,,,m
Rémi Delatte,Côte-d'Or,21,Les Républicains,LR,Assemblée nationale,,,m
Rémi Pauvros,Nord,59,Parti socialiste,PS,Assemblée nationale,,,m
Rémy Pointereau,Cher,18,Les Républicains,LR,Sénat,,,m
René Danesi,Haut-Rhin,68,Les Républicains,LR,Sénat,,,m
René Dosière,Aisne,2,Parti socialiste,PS,Assemblée nationale,,,m
René Rouquet,Val-de-Marne,94,Parti socialiste,PS,Assemblée nationale,,,m
René Vandierendonck,Nord,59,Parti socialiste,PS,Sénat,,,m
René-Paul Savary,Marne,51,Les Républicains,LR,Sénat,,,m
Richard Ferrand,Finistère,29,Parti socialiste,PS,Assemblée nationale,,,m
Richard Yung,Français établis hors de France,997,Parti socialiste,PS,Sénat,,,m
Robert del Picchia,Français établis hors de France,997,Les Républicains,LR,Sénat,,,m
Robert Hue,Val-d'Oise,95,Mouvement Unitaire Progressiste,Groupe RDSE,Sénat,,,m
Robert Laufoaulu ,Wallis-Et-Futuna,986,Les Républicains,LR,Sénat,,,m
Robert Navarro,Hérault,34,Divers gauche,Groupe NI,Sénat,,,m
Robert Olive,Pyrénées-Orientales,66,Parti socialiste,PS,Assemblée nationale,,,m
Roger Karoutchi,Hauts-de-Seine,92,Les Républicains,LR,Sénat,,,m
Roger Madec,Paris,75,Parti socialiste,PS,Sénat,,,m
Roger-Gérard Schwartzenberg,Val-de-Marne,94,Parti radical de gauche		,PRG,Assemblée nationale,,,m
Roland Courteau,Aude,11,Parti socialiste,PS,Sénat,,,m
Romain Colas,Essonne,91,Parti socialiste,PS,Assemblée nationale,,,m
Ronan Dantec,Loire-Atlantique,44,Europe Ecologie Les Verts,EELV,Sénat,,,m
Rudy Salles,Alpes-Maritimes,6,Union des démocrates et indépendants,UDI,Assemblée nationale,,,m
Sabine Buis,Ardèche,7,Parti socialiste,PS,Assemblée nationale,,,f
Samia Ghali,Bouches-du-Rhône,13,Parti socialiste,PS,Sénat,,,f
Sandrine Doucet,Gironde,33,Parti socialiste,PS,Assemblée nationale,,,f
Sandrine Mazetier,Paris,75,Parti socialiste,PS,Assemblée nationale,,,f
Sauveur Gandolfi-Scheit,Haute-Corse,2B,Les Républicains,LR,Assemblée nationale,,,m
Sébastien Denaja,Hérault,34,Parti socialiste,PS,Assemblée nationale,,,m
Sébastien Huyghe,Nord,59,Les Républicains,LR,Assemblée nationale,,,m
Sébastien Pietrasanta,Hauts-de-Seine,92,Parti socialiste,PS,Assemblée nationale,,,m
Serge Bardy,Maine-et-Loire,49,Parti socialiste,PS,Assemblée nationale,,,m
Serge Dassault,Essonne,91,Les Républicains,LR,Sénat,,,m
Serge Grouard,Loiret,45,Les Républicains,LR,Assemblée nationale,,,m
Serge Janquin,Pas-de-Calais,62,Parti socialiste,PS,Assemblée nationale,,,m
Serge Larcher,Martinique,972,Parti socialiste,PS,Sénat,,,m
Serge Letchimy,Martinique,972,Parti progressiste martiniquais,Groupe SRC,Assemblée nationale,,,m
Sergio Coronado,Français établis hors de France,99,Europe Ecologie Les Verts,EELV,Assemblée nationale,,,m
Seybah Dagoma,Paris,75,Parti socialiste,PS,Assemblée nationale,,,f
Simon Sutour,Gard,30,Parti socialiste,PS,Sénat,,,m
Sonia Lagarde,Nouvelle-Calédonie,988,Union des démocrates et indépendants,UDI,Assemblée nationale,,,f
Sophie Dessus,Corrèze,19,Parti socialiste,PS,Assemblée nationale,,,f
Sophie Dion,Haute-Savoie,74,Les Républicains,LR,Assemblée nationale,,,f
Sophie Errante,Loire-Atlantique,44,Parti socialiste,PS,Assemblée nationale,,,f
Sophie Joissains,Bouches-du-Rhône,13,Union des Démocrates et Indépendants,UDI,Sénat,,,f
Sophie Primas,Yvelines,78,Les Républicains,LR,Sénat,,,f
Sophie Rohfritsch,Bas-Rhin,67,Les Républicains,LR,Assemblée nationale,,,f
Stéphane Claireaux,Saint-Pierre-et-Miquelon,975,Parti radical de gauche		,PRG,Assemblée nationale,,,m
Stéphane Demilly,Somme,80,Union des démocrates et indépendants,UDI,Assemblée nationale,,,m
Stéphane Ravier,Bouches-du-Rhône,13,Front national,FN,Sénat,,,m
Stéphane Saint-André,Pas-de-Calais,62,Parti radical de gauche		,PRG,Assemblée nationale,,,m
Stéphane Travert,Manche,50,Parti socialiste,PS,Assemblée nationale,,,m
Stéphanie Riocreux,Indre-et-Loire,37,Parti socialiste,PS,Sénat,,,f
Suzanne Tallard,Charente-Maritime,17,Parti socialiste,PS,Assemblée nationale,,,f
Sylvain Berrios,Val-de-Marne,94,Les Républicains,LR,Assemblée nationale,,,m
Sylviane Alaux,Pyrénées-Atlantiques,64,Parti socialiste,PS,Assemblée nationale,,,f
Sylviane Bulteau,Vendée,85,Parti socialiste,PS,Assemblée nationale,,,f
Sylvie Andrieux,Bouches-du-Rhône,13,Divers gauche,Groupe NI,Assemblée nationale,,,f
Sylvie Goy-Chavent,Ain,1,Union des Démocrates et Indépendants,UDI,Sénat,,,f
Sylvie Robert,Ille-et-Vilaine,35,Parti socialiste,PS,Sénat,,,f
Sylvie Tolmont,Sarthe,72,Parti socialiste,PS,Assemblée nationale,,,f
Thani Mohamed Soilihi,Mayotte,976,Parti socialiste,PS,Sénat,,,m
Thierry Benoit,Ille-et-Vilaine,35,Union des démocrates et indépendants,UDI,Assemblée nationale,,,m
Thierry Carcenac,Tarn,81,Parti socialiste,PS,Sénat,,,m
Thierry Foucaud,Seine-Maritime,76,Parti communiste français,PCF,Sénat,,,m
Thierry Lazaro,Nord,59,Les Républicains,LR,Assemblée nationale,,,m
Thierry Mariani,Français établis hors de France,99,Les Républicains,LR,Assemblée nationale,,,m
Thierry Robert,Réunion,974,La politique autrement,Groupe RRDP,Assemblée nationale,,,m
Thierry Solère,Hauts-de-Seine,92,Les Républicains,LR,Assemblée nationale,,,m
Thomas Thévenoud,Saône-et-Loire,71,Divers gauche,Groupe NI,Assemblée nationale,,,m
Valérie Boyer,Bouches-du-Rhône,13,Les Républicains,LR,Assemblée nationale,,,f
Valérie Corre,Loiret,45,Parti socialiste,PS,Assemblée nationale,,,f
Valérie Fourneyron,Seine-Maritime,76,Parti socialiste,PS,Assemblée nationale,,,f
Valérie Lacroute,Seine-et-Marne,77,Les Républicains,LR,Assemblée nationale,,,f
Valérie Létard,Nord,59,Union des Démocrates et Indépendants,UDI,Sénat,,,f
Valérie Pécresse,Yvelines,78,Les Républicains,LR,Assemblée nationale,,,f
Valérie Rabault,Tarn-et-Garonne,82,Parti socialiste,PS,Assemblée nationale,,,f
Véronique Besse,Vendée,85,Debout la France,DLF,Assemblée nationale,,,f
Véronique Louwagie,Orne,61,Les Républicains,LR,Assemblée nationale,,,f
Véronique Massonneau,Vienne,86,Union des démocrates et écologistes,UDE,Assemblée nationale,,,f
Victorin Lurel,Guadeloupe,971,Parti socialiste,PS,Assemblée nationale,,,m
Vincent Burroni,Bouches-du-Rhône,13,Parti socialiste,PS,Assemblée nationale,,,m
Vincent Capo-Canellas,Seine-Saint-Denis,93,Union des Démocrates et Indépendants,UDI,Sénat,,,c
Vincent Delahaye,Essonne,91,Union des Démocrates et Indépendants,UDI,Sénat,,,m
Vincent Eblé,Seine-et-Marne,77,Parti socialiste,PS,Sénat,,,m
Virginie Duby-Muller,Haute-Savoie,74,Les Républicains,LR,Assemblée nationale,,,f
Vivette Lopez,Gard,30,Les Républicains,LR,Sénat,,,f
Viviane Le Dissez,Côtes-d'Armor,22,Parti socialiste,PS,Assemblée nationale,,,f
William Dumas,Gard,30,Parti socialiste,PS,Assemblée nationale,,,m
Xavier Bertrand,Aisne,2,Les Républicains,LR,Assemblée nationale,,,m
Xavier Breton,Ain,1,Les Républicains,LR,Assemblée nationale,,,m
Xavier Pintat,Gironde,33,Les Républicains,LR,Sénat,,,m
Yann Capet,Pas-de-Calais,62,Parti socialiste,PS,Assemblée nationale,,,m
Yann Galut,Cher,18,Parti socialiste,PS,Assemblée nationale,,,m
Yannick Botrel,Côtes-d'Armor,22,Parti socialiste,PS,Sénat,,,m
Yannick Favennec,Mayenne,53,Union des démocrates et indépendants,UDI,Assemblée nationale,,,m
Yannick Moreau,Vendée,85,Debout la France,DLF,Assemblée nationale,,,m
Yannick Vaugrenard,Loire-Atlantique,44,Parti socialiste,PS,Sénat,,,m
Yves Albarello,Seine-et-Marne,77,Les Républicains,LR,Assemblée nationale,,,m
Yves Blein,Rhône,69,Parti socialiste,PS,Assemblée nationale,,,m
Yves Censi,Aveyron,12,Les Républicains,LR,Assemblée nationale,,,m
Yves Daniel,Loire-Atlantique,44,Parti socialiste,PS,Assemblée nationale,,,m
Yves Daudigny,Aisne,2,Parti socialiste,PS,Sénat,,,m
Yves Détraigne,Marne,51,Union des Démocrates et Indépendants,UDI,Sénat,,,m
Yves Durand,Nord,59,Parti socialiste,PS,Assemblée nationale,,,m
Yves Foulon,Gironde,33,Les Républicains,LR,Assemblée nationale,,,m
Yves Fromion,Cher,18,Les Républicains,LR,Assemblée nationale,,,m
Yves Goasdoué,Orne,61,Parti socialiste,PS,Assemblée nationale,,,m
Yves Jégo,Seine-et-Marne,77,Union des démocrates et indépendants,UDI,Assemblée nationale,,,m
Yves Nicolin,Loire,42,Les Républicains,LR,Assemblée nationale,,,m
Yves Pozzo di Borgo,Paris,75,Union des Démocrates et Indépendants,UDI,Sénat,,,m
Yves Rome,Oise,60,Parti socialiste,PS,Sénat,,,m
Yvon Collin,Tarn-et-Garonne,82,Parti radical de gauche		,PRG,Sénat,,,m
