name,mandat,parti,groupe,departement
Abdallah Hassani,Sénat,En Marche !,REM,976
Adrien Morenas,Assemblée Nationale,En marche !,LREM,84
Adrien Quatennens,Assemblée Nationale,La France Insoumise,LFI,59
Adrien Taquet,Assemblée Nationale,En marche !,LREM,92
Agnès Canayer,Sénat,Les Républicains,LR,76
Agnès Firmin Le Bodo,Assemblée Nationale,"Union des démocrates, radicaux et libéraux",UDI,76
Agnès Thill,Assemblée Nationale,En marche !,LREM,60
Aina Kuric,Assemblée Nationale,En marche !,LREM,51
Alain Bertrand,Sénat,En Marche !,RDSE,48
Alain Bruneel,Assemblée Nationale,Parti communiste français,GDR,59
Alain Cazabonne,Sénat,Mouvement démocrate,UC,33
Alain Chatillon,Sénat,"Union des Démocrates, Radicaux et Libéraux",LR,31
Alain David,Assemblée Nationale,Parti socialiste,NG,33
Alain Dufaut,Sénat,Les Républicains,LR,84
Alain Duran,Sénat,Parti Socialiste,SOC,9
Alain Fouché,Sénat,Les Républicains,RTLI,86
Alain Houpert,Sénat,Les Républicains,LR,21
Alain Joyandet,Sénat,Les Républicains,LR,70
Alain Marc,Sénat,"Union des Démocrates, Radicaux et Libéraux",RTLI,12
Alain Milon,Sénat,Les Républicains,LR,84
Alain Perea,Assemblée Nationale,En marche !,LREM,11
Alain Ramadier,Assemblée Nationale,Les Républicains,LR,93
Alain Richard,Sénat,En Marche !,REM,6
Alain Schmitz,Sénat,Les Républicains,LR,78
Alain Tourret,Assemblée Nationale,En marche !,LREM,14
Albane Gaillot,Assemblée Nationale,En marche !,LREM,94
Albéric De Montgolfier,Sénat,Les Républicains,LR,28
Alexandra Louis,Assemblée Nationale,En marche !,LREM,13
Alexandra Valetta Ardisson,Assemblée Nationale,En marche !,LREM,6
Alexandre Freschi,Assemblée Nationale,En marche !,LREM,47
Alexandre Holroyd,Assemblée Nationale,En marche !,LREM,99
Alexis Corbière,Assemblée Nationale,La France Insoumise,LFI,93
Alice Thourot,Assemblée Nationale,En marche !,LREM,26
Amal-Amélia Lakrafi,Assemblée Nationale,En marche !,LREM,99
Amélie de Montchalin,Assemblée Nationale,En marche !,LREM,91
André Chassaigne,Assemblée Nationale,Parti communiste français,GDR,63
André Gattolin,Sénat,En Marche !,REM,92
André Reichardt,Sénat,Les Républicains,LR,67
André Vallini,Sénat,Parti Socialiste,SOC,38
André Villiers,Assemblée Nationale,"Union des démocrates, radicaux et libéraux",UDI,89
Angèle Préville,Sénat,Parti Socialiste,SOC,46
Anissa Khedher,Assemblée Nationale,En marche !,LREM,69
Annaïg Le Meur,Assemblée Nationale,En marche !,LREM,29
Anne Blanc,Assemblée Nationale,En marche !,LREM,12
Anne Brugnera,Assemblée Nationale,En marche !,LREM,69
Anne- Catherine Loisier,Sénat,"Union des Démocrates, Radicaux et Libéraux",UC,21
Anne Chain-Larché,Sénat,Les Républicains,LR,77
Anne Genetet,Assemblée Nationale,En marche !,LREM,99
Anne-Christine Lang,Assemblée Nationale,En marche !,LREM,75
Anne-France Brunet,Assemblée Nationale,En marche !,LREM,44
Anne-Laure Cattelot,Assemblée Nationale,En marche !,LREM,59
Anne-Laurence Petel,Assemblée Nationale,En marche !,LREM,13
Anne-Marie Bertrand,Sénat,Les Républicains,LR,48
Annick Billon,Sénat,"Union des Démocrates, Radicaux et Libéraux",UC,85
Annie Chapelier,Assemblée Nationale,En marche !,LREM,30
Annie Delmont- Koropoulis,Sénat,Les Républicains,LR,93
Annie Genevard,Assemblée Nationale,Les Républicains,LR,25
Annie Guillemot,Sénat,Parti Socialiste,SOC,69
Annie Vidal,Assemblée Nationale,En marche !,LREM,76
Anthony Cellier,Assemblée Nationale,En marche !,LREM,30
Antoine Herth,Assemblée Nationale,"Union des démocrates, radicaux et libéraux",UDI,67
Antoine Karam,Sénat,Parti progressiste martiniquais,REM,973
Antoine Lefèvre,Sénat,Les Républicains,LR,2
Arnaud Bazin,Sénat,Les Républicains,LR,95
Arnaud De Belenet,Sénat,En Marche !,REM,77
Arnaud Viala,Assemblée Nationale,Les Républicains,LR,12
Aude Amadou,Assemblée Nationale,En marche !,LREM,44
Aude Bono-Vandorme,Assemblée Nationale,En marche !,LREM,2
Aude Luquet,Assemblée Nationale,Mouvement Démocrate,MoDem,77
Audrey Dufeu Schubert,Assemblée Nationale,En marche !,LREM,44
Aurélien Pradié,Assemblée Nationale,Les Républicains,LR,46
Aurélien Taché,Assemblée Nationale,En marche !,LREM,95
Aurore Bergé,Assemblée Nationale,En marche !,LREM,78
Barbara Bessot Ballot,Assemblée Nationale,En marche !,LREM,70
Barbara Pompili,Assemblée Nationale,En marche !,LREM,80
Bastien Lachaud,Assemblée Nationale,La France Insoumise,LFI,93
Béatrice Descamps,Assemblée Nationale,"Union des démocrates, radicaux et libéraux",UDI,59
Béatrice Piron,Assemblée Nationale,En marche !,LREM,78
Belkhir Belhaddad,Assemblée Nationale,En marche !,LREM,57
Bénédicte Peyrol,Assemblée Nationale,En marche !,LREM,3
Bénédicte Taurine,Assemblée Nationale,La France Insoumise,LFI,9
Benjamin Dirx,Assemblée Nationale,En marche !,LREM,71
Benoît Huré,Sénat,Les Républicains,LR,8
Benoit Potterie,Assemblée Nationale,En marche !,LREM,62
Benoit Simian,Assemblée Nationale,En marche !,LREM,33
Bérangère Abba,Assemblée Nationale,En marche !,LREM,52
Bérangère Couillard,Assemblée Nationale,En marche !,LREM,33
Bérengère Poletti,Assemblée Nationale,Les Républicains,LR,8
Bernard Bonne,Sénat,Les Républicains,LR,42
Bernard Brochand,Assemblée Nationale,Les Républicains,LR,6
Bernard Cazeau,Sénat,En Marche !,REM,24
Bernard Deflesselles,Assemblée Nationale,Les Républicains,LR,13
Bernard Delcros,Sénat,Mouvement démocrate,UC,15
Bernard Fournier,Sénat,Les Républicains,LR,42
Bernard Jomier,Sénat,Parti Radical de gauche,SOC,75
Bernard Lalande,Sénat,Parti Socialiste,SOC,17
Bernard Perrut,Assemblée Nationale,Les Républicains,LR,69
Bernard Reynès,Assemblée Nationale,Les Républicains,LR,13
Bertrand Bouyx,Assemblée Nationale,En marche !,LREM,14
Bertrand Pancher,Assemblée Nationale,"Union des démocrates, radicaux et libéraux",UDI,55
Bertrand Sorre,Assemblée Nationale,En marche !,LREM,50
Blandine Brocard,Assemblée Nationale,En marche !,LREM,69
Boris Vallaud,Assemblée Nationale,Parti socialiste,NG,40
Brahim Hammouche,Assemblée Nationale,Mouvement Démocrate,MoDem,57
Brigitte Bourguignon,Assemblée Nationale,En marche !,LREM,62
Brigitte Kuster,Assemblée Nationale,Les Républicains,LR,75
Brigitte Lherbier,Sénat,Les Républicains,LR,59
Brigitte Liso,Assemblée Nationale,En marche !,LREM,59
Brigitte Micouleau,Sénat,Les Républicains,LR,31
Bruno Bilde,Assemblée Nationale,Front National,NI,62
Bruno Bonnell,Assemblée Nationale,En marche !,LREM,69
Bruno Duvergé,Assemblée Nationale,Mouvement Démocrate,MoDem,62
Bruno Fuchs,Assemblée Nationale,Mouvement Démocrate,MoDem,68
Bruno Gilles,Sénat,Les Républicains,LR,13
Bruno Joncour,Assemblée Nationale,Mouvement Démocrate,MoDem,22
Bruno Millienne,Assemblée Nationale,Mouvement Démocrate,MoDem,78
Bruno Nestor Azerot,Assemblée Nationale,Parti communiste français,GDR,972
Bruno Questel,Assemblée Nationale,En marche !,LREM,27
Bruno Retailleau,Sénat,Les Républicains,LR,85
Bruno Sido,Sénat,Les Républicains,LR,52
Bruno Studer,Assemblée Nationale,En marche !,LREM,67
Buon Tan,Assemblée Nationale,En marche !,LREM,75
Carole Bureau-Bonnard,Assemblée Nationale,En marche !,LREM,60
Carole Grandjean,Assemblée Nationale,En marche !,LREM,54
Caroline Abadie,Assemblée Nationale,En marche !,LREM,38
Caroline Fiat,Assemblée Nationale,La France Insoumise,LFI,54
Caroline Janvier,Assemblée Nationale,En marche !,LREM,45
Catherine Conconne,Sénat,Parti progressiste martiniquais,SOC,972
Catherine Deroche,Sénat,Les Républicains,LR,49
Catherine Di Folco,Sénat,Les Républicains,LR,69
Catherine Dumas,Sénat,Les Républicains,LR,75
Catherine Fabre,Assemblée Nationale,En marche !,LREM,33
Catherine Fournier,Sénat,"Union des Démocrates, Radicaux et Libéraux",UC,42
Catherine Kamowski,Assemblée Nationale,En marche !,LREM,38
Catherine Morin-Desailly,Sénat,"Union des Démocrates, Radicaux et Libéraux",UC,76
Catherine Osson,Assemblée Nationale,En marche !,LREM,59
Catherine Procaccia,Sénat,Les Républicains,LR,94
Catherine Troendlé,Sénat,Les Républicains,LR,68
Cathy Racon-Bouzon,Assemblée Nationale,En marche !,LREM,13
Cécile Cukierman,Sénat,Parti Communiste Français,CRCE,42
Cécile Muschotti,Assemblée Nationale,En marche !,LREM,83
Cécile Rilhac,Assemblée Nationale,En marche !,LREM,95
Cécile Untermaier,Assemblée Nationale,Parti socialiste,NG,71
Cédric Perrin,Sénat,Les Républicains,LR,90
Cédric Roussel,Assemblée Nationale,En marche !,LREM,6
Cédric Villani,Assemblée Nationale,En marche !,LREM,91
Célia de Lavergne,Assemblée Nationale,En marche !,LREM,26
Céline Boulay- Espéronnier,Sénat,Mouvement démocrate,LR,75
Céline Calvez,Assemblée Nationale,En marche !,LREM,92
Cendra Motin,Assemblée Nationale,En marche !,LREM,38
Chantal Deseyne,Sénat,Les Républicains,LR,28
Charles de Courson,Assemblée Nationale,"Union des démocrates, radicaux et libéraux",UDI,51
Charles de la Verpillière,Assemblée Nationale,Les Républicains,LR,1
Charles Guené,Sénat,Les Républicains,LR,52
Charles Revet,Sénat,Les Républicains,LR,76
Charlotte Lecocq,Assemblée Nationale,En marche !,LREM,59
Christelle Dubos,Assemblée Nationale,En marche !,LREM,33
Christian Cambon,Sénat,Les Républicains,LR,94
Christian Hutin,Assemblée Nationale,Parti socialiste,NG,59
Christian Jacob,Assemblée Nationale,Les Républicains,LR,77
Christian Manable,Sénat,Parti Socialiste,SOC,80
Christine Bonfanti-Dossat,Sénat,Les Républicains,LR,47
Christine Cloarec,Assemblée Nationale,En marche !,LREM,35
Christine Hennion,Assemblée Nationale,En marche !,LREM,92
Christine Herzog,Sénat,Debout la France,NI,57
Christine Lanfranchi Dorgal,Sénat,Les Républicains,LR,83
Christine Lavarde,Sénat,Les Républicains,LR,92
Christine Pires Beaune,Assemblée Nationale,Parti socialiste,NG,63
Christine Prunaud,Sénat,Parti Communiste Français,CRCE,22
Christophe- André Frassa,Sénat,Les Républicains,LR,99
Christophe Arend,Assemblée Nationale,En marche !,LREM,57
Christophe Blanchet,Assemblée Nationale,En marche !,LREM,14
Christophe Bouillon,Assemblée Nationale,Parti socialiste,NG,76
Christophe Di Pompeo,Assemblée Nationale,En marche !,LREM,59
Christophe Euzet,Assemblée Nationale,En marche !,LREM,34
Christophe Jerretie,Assemblée Nationale,En marche !,LREM,19
Christophe Lejeune,Assemblée Nationale,En marche !,LREM,70
Christophe Naegelen,Assemblée Nationale,"Union des démocrates, radicaux et libéraux",UDI,88
Christophe Priou,Sénat,Les Républicains,LR,44
Claire Guion-Firmin,Assemblée Nationale,Les Républicains,LR,977_978
Claire O'Petit,Assemblée Nationale,En marche !,LREM,27
Claire Pitollat,Assemblée Nationale,En marche !,LREM,13
Claude Bérit-Débat,Sénat,Parti Socialiste,SOC,24
Claude de Ganay,Assemblée Nationale,Les Républicains,LR,45
Claude Goasguen,Assemblée Nationale,Les Républicains,LR,75
Claude Haut,Sénat,En Marche !,REM,84
Claude Kern,Sénat,"Union des Démocrates, Radicaux et Libéraux",UC,67
Claude Malhuret,Sénat,"Union des Démocrates, Radicaux et Libéraux",RTLI,3
Claude Nougein,Sénat,Les Républicains,LR,19
Claude Raynal,Sénat,Parti Socialiste,SOC,31
Claudine Kauffmann,Sénat,Non rattaché,NI,83
Claudine Lepage,Sénat,Parti Socialiste,SOC,99
Claudine Thomas,Sénat,Les Républicains,LR,77
Clémentine Autain,Assemblée Nationale,La France Insoumise,LFI,93
Colette Giudicelli,Sénat,Les Républicains,LR,6
Colette Mélot,Sénat,"Union des Démocrates, Radicaux et Libéraux",RTLI,77
Constance Le Grip,Assemblée Nationale,Les Républicains,LR,92
Coralie Dubost,Assemblée Nationale,En marche !,LREM,34
Corinne Féret,Sénat,Parti Socialiste,SOC,14
Corinne Imbert,Sénat,Les Républicains,LR,17
Corinne Vignon,Assemblée Nationale,En marche !,LREM,31
Cyril Pellevat,Sénat,Les Républicains,LR,74
Cyrille Isaac-Sibille,Assemblée Nationale,Mouvement Démocrate,MoDem,69
Damien Abad,Assemblée Nationale,Les Républicains,LR,1
Damien Adam,Assemblée Nationale,En marche !,LREM,76
Damien Pichereau,Assemblée Nationale,En marche !,LREM,72
Daniel Chasseing,Sénat,"Union des Démocrates, Radicaux et Libéraux",RTLI,19
Daniel Dubois,Sénat,"Union des Démocrates, Radicaux et Libéraux",UC,80
Daniel Fasquelle,Assemblée Nationale,Les Républicains,LR,62
Daniel Gremillet,Sénat,Les Républicains,LR,88
Daniel Labaronne,Assemblée Nationale,En marche !,LREM,37
Daniel Laurent,Sénat,Les Républicains,LR,17
Danièle Cazarian,Assemblée Nationale,En marche !,LREM,69
Danièle Hérin,Assemblée Nationale,En marche !,LREM,11
Danièle Obono,Assemblée Nationale,La France Insoumise,LFI,75
Danielle Brulebois,Assemblée Nationale,En marche !,LREM,39
Dany Wattebled,Sénat,"Union des Démocrates, Radicaux et Libéraux",RTLI,59
David Assouline,Sénat,Parti Socialiste,SOC,75
David Habib,Assemblée Nationale,Parti socialiste,NG,64
David Lorion,Assemblée Nationale,Les Républicains,LR,974
Delphine Bagarry,Assemblée Nationale,En marche !,LREM,4
Delphine Batho,Assemblée Nationale,Parti socialiste,NG,79
Delphine O,Assemblée Nationale,En marche !,LREM,75
Denis Masséglia,Assemblée Nationale,En marche !,LREM,49
Denis Sommer,Assemblée Nationale,En marche !,LREM,25
Denise Saint-Pé,Sénat,Mouvement démocrate,UC,64
Didier Baichère,Assemblée Nationale,En marche !,LREM,78
Didier Guillaume,Sénat,Parti Socialiste,SOC,26
Didier Le Gac,Assemblée Nationale,En marche !,LREM,29
Didier Mandelli,Sénat,Les Républicains,LR,85
Didier Marie,Sénat,Parti Socialiste,SOC,68
Didier Martin,Assemblée Nationale,En marche !,LREM,21
Didier Paris,Assemblée Nationale,En marche !,LREM,21
Didier Quentin,Assemblée Nationale,Les Républicains,LR,17
Didier Rambaud,Sénat,En Marche !,REM,38
Dimitri Houbron,Assemblée Nationale,En marche !,LREM,59
Dino Cinieri,Assemblée Nationale,Les Républicains,LR,42
Dominique Da Silva,Assemblée Nationale,En marche !,LREM,95
Dominique David,Assemblée Nationale,En marche !,LREM,33
Dominique De Legge,Sénat,Les Républicains,LR,35
Dominique Estrosi Sassone,Sénat,Les Républicains,LR,6
Dominique Potier,Assemblée Nationale,Parti socialiste,NG,54
Dominique Théophile,Sénat,En Marche !,REM,971
Dominique Watrin,Sénat,Parti Communiste Français,CRCE,62
Édouard Courtial,Sénat,Les Républicains,LR,60
Éliane Assassi,Sénat,Parti Communiste Français,CRCE,93
Élisabeth Doineau,Sénat,"Union des Démocrates, Radicaux et Libéraux",UC,53
Élisabeth Lamure,Sénat,Les Républicains,LR,69D
Élisabeth Toutut-Picard,Assemblée Nationale,En marche !,LREM,31
Élise Fajgeles,Assemblée Nationale,En marche !,LREM,75
Élodie Jacquier-Laforge,Assemblée Nationale,Mouvement Démocrate,MoDem,38
Elsa Faucillon,Assemblée Nationale,Parti communiste français,GDR,92
Émilie Bonnivard,Assemblée Nationale,Les Républicains,LR,73
Émilie Cariou,Assemblée Nationale,En marche !,LREM,55
Émilie Chalas,Assemblée Nationale,En marche !,LREM,38
Émilie Guerel,Assemblée Nationale,En marche !,LREM,83
Emmanuel Capus,Sénat,"Union des Démocrates, Radicaux et Libéraux",RTLI,72
Emmanuel Maquet,Assemblée Nationale,Les Républicains,LR,80
Emmanuelle Anthoine,Assemblée Nationale,Les Républicains,LR,26
Emmanuelle Fontaine-Domeizel,Assemblée Nationale,En marche !,LREM,4
Emmanuelle Ménard,Assemblée Nationale,Front National,NI,34
Éric Alauzet,Assemblée Nationale,En marche !,LREM,25
Éric Bocquet,Sénat,Parti Communiste Français,CRCE,59
Éric Bothorel,Assemblée Nationale,En marche !,LREM,22
Éric Ciotti,Assemblée Nationale,Les Républicains,LR,6
Éric Coquerel,Assemblée Nationale,La France Insoumise,LFI,93
Éric Diard,Assemblée Nationale,Les Républicains,LR,13
Éric Girardin,Assemblée Nationale,En marche !,LREM,51
Éric Gold,Sénat,Parti Radical de gauche,RDSE,63
Éric Jeansannetas,Sénat,Parti Socialiste,SOC,23
Éric Kerrouche,Sénat,Parti Socialiste,SOC,40
Éric Pauget,Assemblée Nationale,Les Républicains,LR,6
Éric Poulliat,Assemblée Nationale,En marche !,LREM,33
Éric Straumann,Assemblée Nationale,Les Républicains,LR,68
Éric Woerth,Assemblée Nationale,Les Républicains,LR,60
Ericka Bareigts,Assemblée Nationale,Parti socialiste,NG,974
Erwan Balanant,Assemblée Nationale,Mouvement Démocrate,MoDem,29
Esther Benbassa,Sénat,Europe Ecologie les Verts,CRCE,75
Évelyne Renaud- Garabedian,Sénat,Les Républicains,LR,998
Fabien Di Filippo,Assemblée Nationale,Les Républicains,LR,57
Fabien Gay,Sénat,Parti Communiste Français,CRCE,93
Fabien Gouttefarde,Assemblée Nationale,En marche !,LREM,27
Fabien Lainé,Assemblée Nationale,Mouvement Démocrate,MoDem,40
Fabien Matras,Assemblée Nationale,En marche !,LREM,83
Fabien Roussel,Assemblée Nationale,Parti communiste français,GDR,6
Fabienne Colboc,Assemblée Nationale,En marche !,LREM,37
Fabienne Keller,Sénat,"Union des Démocrates, Radicaux et Libéraux",LR,67
Fabrice Brun,Assemblée Nationale,Les Républicains,LR,7
Fabrice Le Vigoureux,Assemblée Nationale,En marche !,LREM,14
Fadila Khattabi,Assemblée Nationale,En marche !,LREM,21
Fannette Charvier,Assemblée Nationale,En marche !,LREM,25
Fiona Lazaar,Assemblée Nationale,En marche !,LREM,95
Florence Granjus,Assemblée Nationale,En marche !,LREM,78
Florence Lassarade,Sénat,Les Républicains,LR,33
Florence Lasserre-David,Assemblée Nationale,Mouvement Démocrate,MoDem,33
Florent Boudié,Assemblée Nationale,En marche !,LREM,33
Florian Bachelier,Assemblée Nationale,En marche !,LREM,35
Francis Vercamer,Assemblée Nationale,"Union des démocrates, radicaux et libéraux",UDI,59
Franck Marlin,Assemblée Nationale,Les Républicains,LR,91
Franck Menonville,Sénat,"Union des Démocrates, Radicaux et Libéraux",RDSE,55
Franck Montaugé,Sénat,Parti Socialiste,SOC,32
Franck Riester,Assemblée Nationale,"Union des démocrates, radicaux et libéraux",UDI,77
François André,Assemblée Nationale,En marche !,LREM,35
François Bonhomme,Sénat,Les Républicains,LR,82
François Calvet,Sénat,Les Républicains,LR,66
François Cormier-Bouligeon,Assemblée Nationale,En marche !,LREM,18
François Cornut-Gentille,Assemblée Nationale,Les Républicains,LR,52
François de Rugy,Assemblée Nationale,En marche !,LREM,44
François Grosdidier,Sénat,Les Républicains,LR,14
François Jolivet,Assemblée Nationale,En marche !,LREM,36
François Patriat,Sénat,En Marche !,REM,21
François Pillet,Sénat,Les Républicains,LR,18
François Pupponi,Assemblée Nationale,Parti socialiste,NG,95
François Ruffin,Assemblée Nationale,La France Insoumise,LFI,80
Françoise Cartron,Sénat,Parti Socialiste,SOC,33
Françoise Dumas,Assemblée Nationale,En marche !,LREM,75
Françoise Férat,Sénat,"Union des Démocrates, Radicaux et Libéraux",UC,51
Françoise Gatel,Sénat,"Union des Démocrates, Radicaux et Libéraux",UC,35
Françoise Laborde,Sénat,Parti Radical de gauche,RDSE,31
François-Michel Lambert,Assemblée Nationale,Parti radical de gauche,LREM,13
François-Noël Buffet,Sénat,Les Républicains,LR,69
Frédéric Barbier,Assemblée Nationale,En marche !,LREM,25
Frédéric Descrozaille,Assemblée Nationale,En marche !,LREM,94
Frédéric Marchand,Sénat,En Marche !,REM,59
Frédéric Petit,Assemblée Nationale,Mouvement Démocrate,MoDem,99
Frédéric Reiss,Assemblée Nationale,Les Républicains,LR,67
Frédérique Dumas,Assemblée Nationale,En marche !,LREM,75
Frédérique Espagnac,Sénat,Parti Socialiste,SOC,64
Frédérique Gerbaud,Sénat,Les Républicains,LR,36
Frédérique Lardet,Assemblée Nationale,En marche !,LREM,74
Frédérique Meunier,Assemblée Nationale,Les Républicains,LR,19
Frédérique Puissat,Sénat,Les Républicains,LR,38
Frédérique Tuffnell,Assemblée Nationale,En marche !,LREM,17
Gabriel Attal,Assemblée Nationale,En marche !,LREM,92
Gabriel Serville,Assemblée Nationale,Parti progressiste martiniquais,GDR,973
Gaël Le Bohec,Assemblée Nationale,En marche !,LREM,35
Geneviève Levy,Assemblée Nationale,Les Républicains,LR,83
George Pau-Langevin,Assemblée Nationale,Parti socialiste,NG,75
Georges Patient,Sénat,Parti Socialiste,REM,973
Géraldine Bannier,Assemblée Nationale,Mouvement Démocrate,MoDem,53
Gérard Cherpion,Assemblée Nationale,Les Républicains,LR,88
Gérard Cornu,Sénat,Les Républicains,LR,28
Gérard Dériot,Sénat,Les Républicains,LR,3
Gérard Larcher,Sénat,Les Républicains,LR,78
Gérard Longuet,Sénat,Les Républicains,LR,55
Gérard Menuel,Assemblée Nationale,Les Républicains,LR,10
Gérard Poadja,Sénat,Calédonie ensemble,UC,988
Gilbert Bouchet,Sénat,Les Républicains,LR,26
Gilbert Collard,Assemblée Nationale,Front National,NI,30
Gilbert Roger,Sénat,Parti Socialiste,SOC,93
Gilbert-Luc Devinaz,Sénat,Parti Socialiste,SOC,69
Gilles Carrez,Assemblée Nationale,Les Républicains,LR,94
Gilles Le Gendre,Assemblée Nationale,En marche !,LREM,75
Gilles Lurton,Assemblée Nationale,Les Républicains,LR,35
Gisèle Biémouret,Assemblée Nationale,Parti socialiste,NG,32
Gisèle Jourda,Sénat,Parti Socialiste,SOC,11
Graziella Melchior,Assemblée Nationale,En marche !,LREM,29
Grégory Besson-Moreau,Assemblée Nationale,En marche !,LREM,10
Grégory Galbadon,Assemblée Nationale,En marche !,LREM,50
Guillaume Arnell,Sénat,Parti Radical de gauche,RDSE,978
Guillaume Chevrollier,Sénat,Les Républicains,LR,53
Guillaume Chiche,Assemblée Nationale,En marche !,LREM,79
Guillaume Garot,Assemblée Nationale,Parti socialiste,NG,53
Guillaume Gontard,Sénat,Europe Ecologie les Verts,CRCE,38
Guillaume Gouffier-Cha,Assemblée Nationale,En marche !,LREM,94
Guillaume Kasbarian,Assemblée Nationale,En marche !,LREM,28
Guillaume Larrivé,Assemblée Nationale,Les Républicains,LR,89
Guillaume Peltier,Assemblée Nationale,Les Républicains,LR,41
Guillaume Vuilletet,Assemblée Nationale,En marche !,LREM,95
Guy Bricout,Assemblée Nationale,"Union des démocrates, radicaux et libéraux",UDI,59
Guy- Dominique Kennel,Sénat,Les Républicains,LR,67
Guy Teissier,Assemblée Nationale,Les Républicains,LR,13
Gwendal Rouillard,Assemblée Nationale,En marche !,LREM,56
Hélène Conway-Mouret,Sénat,Parti Socialiste,SOC,99
Hélène Vainqueur-Christophe,Assemblée Nationale,Parti progressiste martiniquais,NG,971
Hélène Zannier,Assemblée Nationale,En marche !,LREM,57
Henri Cabanel,Sénat,Parti Socialiste,SOC,34
Henri Leroy,Sénat,Les Républicains,LR,6
Hervé Berville,Assemblée Nationale,En marche !,LREM,22
Hervé Marseille,Sénat,"Union des Démocrates, Radicaux et Libéraux",UC,92
Hervé Maurey,Sénat,"Union des Démocrates, Radicaux et Libéraux",UC,27
Hervé Pellois,Assemblée Nationale,En marche !,LREM,56
Hervé Saulignac,Assemblée Nationale,Parti socialiste,NG,7
Hubert Julien-Laferriere,Assemblée Nationale,En marche !,LREM,69D
Hubert Wulfranc,Assemblée Nationale,Parti communiste français,GDR,76
Hugues Renson,Assemblée Nationale,En marche !,LREM,75
Hugues Saury,Sénat,Les Républicains,LR,45
Huguette Bello,Assemblée Nationale,Parti communiste français,GDR,974
Huguette Tiegna,Assemblée Nationale,En marche !,LREM,46
Ian Boucard,Assemblée Nationale,Les Républicains,LR,90
Isabelle Florennes,Assemblée Nationale,Mouvement Démocrate,MoDem,92
Isabelle Raimond-Pavero,Sénat,Les Républicains,LR,37
Isabelle Rauch,Assemblée Nationale,En marche !,LREM,57
Isabelle Valentin,Assemblée Nationale,Les Républicains,LR,43
Jackie Pierre,Sénat,Les Républicains,LR,88
Jacky Deromedi,Sénat,Les Républicains,LR,99
Jacqueline Dubois,Assemblée Nationale,En marche !,LREM,80
Jacqueline Eustache-Brinio,Sénat,Les Républicains,LR,95
Jacqueline Maquet,Assemblée Nationale,En marche !,LREM,80
Jacques- Bernard Magner,Sénat,Parti Socialiste,SOC,63
Jacques Bigot,Sénat,Parti Socialiste,SOC,67
Jacques Cattin,Assemblée Nationale,Les Républicains,LR,68
Jacques Genest,Sénat,Les Républicains,LR,7
Jacques Grosperrin,Sénat,Les Républicains,LR,25
Jacques Krabal,Assemblée Nationale,En marche !,LREM,2
Jacques Le Nay,Sénat,"Union des Démocrates, Radicaux et Libéraux",UC,56
Jacques Maire,Assemblée Nationale,En marche !,LREM,92
Jacques Marilossian,Assemblée Nationale,En marche !,LREM,92
Jacques Savatier,Assemblée Nationale,En marche !,LREM,86
Jean Bizet,Sénat,Les Républicains,LR,50
Jean François Mbaye,Assemblée Nationale,En marche !,LREM,94
Jean Lassalle,Assemblée Nationale,Régions et peuples solidaires,NI,64
Jean Louis Masson,Sénat,Debout la France,NI,57
Jean Pierre Vogel,Sénat,Les Républicains,LR,95
Jean Sol,Sénat,Les Républicains,LR,66
Jean Terlier,Assemblée Nationale,En marche !,LREM,81
Jean-Baptiste Djebbari,Assemblée Nationale,En marche !,LREM,87
Jean-Baptiste Moreau,Assemblée Nationale,En marche !,LREM,10
Jean-Bernard Sempastous,Assemblée Nationale,En marche !,LREM,65
Jean-Carles Grelier,Assemblée Nationale,Les Républicains,LR,72
Jean-Charles Colas-Roy,Assemblée Nationale,En marche !,LREM,38
Jean-Charles Larsonneur,Assemblée Nationale,En marche !,LREM,29
Jean-Charles Taugourdeau,Assemblée Nationale,Les Républicains,LR,49
Jean-Christophe Lagarde,Assemblée Nationale,"Union des démocrates, radicaux et libéraux",UDI,93
Jean-Claude Bouchet,Assemblée Nationale,Les Républicains,LR,26
Jean-Claude Carle,Sénat,Les Républicains,LR,74
Jean-Claude Leclabart,Assemblée Nationale,En marche !,LREM,80
Jean-Claude Luche,Sénat,"Union des Démocrates, Radicaux et Libéraux",UC,12
Jean-Claude Requier,Sénat,Parti Radical de gauche,RDSE,46
Jean-Claude Tissot,Sénat,Parti Socialiste,SOC,42
Jean-Félix Acquaviva,Assemblée Nationale,Régions et peuples solidaires,NI,2B
Jean-François Cesarini,Assemblée Nationale,En marche !,LREM,84
Jean-François Eliaou,Assemblée Nationale,En marche !,LREM,34
Jean-François Husson,Sénat,Les Républicains,LR,54
Jean-François Longeot,Sénat,"Union des Démocrates, Radicaux et Libéraux",UC,25
Jean-François Mayet,Sénat,Les Républicains,LR,36
Jean-François Parigi,Assemblée Nationale,Les Républicains,LR,77
Jean-François Portarrieu,Assemblée Nationale,En marche !,LREM,31
Jean-François Rapin,Sénat,Les Républicains,LR,62
Jean-Hugues Ratenon,Assemblée Nationale,La France Insoumise,LFI,974
Jeanine Dubié,Assemblée Nationale,Parti radical de gauche,NI,65
Jean-Jacques Bridey,Assemblée Nationale,En marche !,LREM,94
Jean-Jacques Ferrara,Assemblée Nationale,Les Républicains,LR,2A
Jean-Jacques Gaultier,Assemblée Nationale,Les Républicains,LR,88
Jean-Jacques Lozach,Sénat,Parti Socialiste,SOC,23
Jean-Jacques Panunzi,Sénat,Les Républicains,LR,2A
Jean-Louis Bourlanges,Assemblée Nationale,Mouvement Démocrate,MoDem,92
Jean-Louis Bricout,Assemblée Nationale,Parti socialiste,NG,59
Jean-Louis Lagourgue,Sénat,"Union des Démocrates, Radicaux et Libéraux",RTLI,974
Jean-Louis Masson,Assemblée Nationale,Les Républicains,LR,57
Jean-Louis Touraine,Assemblée Nationale,En marche !,LREM,69
Jean-Louis Tourenne,Sénat,Parti Socialiste,SOC,35
Jean-Luc Fichet,Sénat,Parti Socialiste,SOC,29
Jean-Luc Fugit,Assemblée Nationale,En marche !,LREM,69
Jean-Luc Lagleize,Assemblée Nationale,Mouvement Démocrate,MoDem,31
Jean-Luc Mélenchon,Assemblée Nationale,La France Insoumise,LFI,13
Jean-Luc Reitzer,Assemblée Nationale,Les Républicains,LR,68
Jean-Luc Warsmann,Assemblée Nationale,Les Républicains,UDI,8
Jean-Marc Boyer,Sénat,Les Républicains,LR,63
Jean-Marc Gabouty,Sénat,"Union des Démocrates, Radicaux et Libéraux",RDSE,87
Jean-Marc Todeschini,Sénat,Parti Socialiste,SOC,57
Jean-Marc Zulesi,Assemblée Nationale,En marche !,LREM,13
Jean-Marie Bockel,Sénat,"Union des Démocrates, Radicaux et Libéraux",UC,68
Jean-Marie Fiévet,Assemblée Nationale,En marche !,LREM,79
Jean-Marie Janssens,Sénat,"Union des Démocrates, Radicaux et Libéraux",UC,41
Jean-Marie Mizzon,Sénat,"Union des Démocrates, Radicaux et Libéraux",UC,57
Jean-Marie Morisset,Sénat,Les Républicains,LR,79
Jean-Marie Sermier,Assemblée Nationale,Les Républicains,LR,39
Jean-Marie Vanlerenberghe,Sénat,Mouvement démocrate,UC,62
Jean-Michel Clément,Assemblée Nationale,En marche !,LREM,86
Jean-Michel Fauvergue,Assemblée Nationale,En marche !,LREM,77
Jean-Michel Houllegatte,Sénat,Parti Socialiste,SOC,50
Jean-Michel Jacques,Assemblée Nationale,En marche !,LREM,56
Jean-Michel Mis,Assemblée Nationale,En marche !,LREM,42
Jean-Noël Barrot,Assemblée Nationale,Mouvement Démocrate,MoDem,78
Jean-Noël Cardoux,Sénat,Les Républicains,LR,45
Jean-Noël Guérini,Sénat,Parti Radical de gauche,RDSE,13
Jean-Paul Dufrègne,Assemblée Nationale,Parti communiste français,GDR,3
Jean-Paul Émorine,Sénat,Non rattaché,LR,71
Jean-Paul Lecoq,Assemblée Nationale,Parti communiste français,GDR,76
Jean-Paul Mattei,Assemblée Nationale,Mouvement Démocrate,MoDem,64
Jean-Paul Prince,Sénat,Mouvement démocrate,UC,41
Jean-Philippe Ardouin,Assemblée Nationale,En marche !,LREM,17
Jean-Philippe Nilor,Assemblée Nationale,Mouvement Indépendantiste Martiniquais,GDR,972
Jean-Pierre Bansard,Sénat,Les Républicains,LR,998
Jean-Pierre Corbisez,Sénat,Parti Communiste Français,RDSE,62
Jean-Pierre Cubertafon,Assemblée Nationale,Mouvement Démocrate,MoDem,24
Jean-Pierre Decool,Sénat,"Union des Démocrates, Radicaux et Libéraux",RTLI,59
Jean-Pierre Door,Assemblée Nationale,Les Républicains,LR,45
Jean-Pierre Grand,Sénat,Les Républicains,LR,34
Jean-Pierre Leleux,Sénat,Les Républicains,LR,6
Jean-Pierre Moga,Sénat,"Union des Démocrates, Radicaux et Libéraux",UC,47
Jean-Pierre Pont,Assemblée Nationale,En marche !,LREM,62
Jean-Pierre Sueur,Sénat,Parti Socialiste,SOC,45
Jean-Pierre Vial,Sénat,Les Républicains,LR,73
Jean-Pierre Vigier,Assemblée Nationale,Les Républicains,LR,43
Jean-Raymond Hugonet,Sénat,Les Républicains,LR,91
Jean-René Cazeneuve,Assemblée Nationale,En marche !,LREM,32
Jean-Yves Bony,Assemblée Nationale,Les Républicains,LR,15
Jean-Yves Leconte,Sénat,Parti Socialiste,SOC,998
Jean-Yves Roux,Sénat,Parti Socialiste,SOC,4
Jennifer De Temerman,Assemblée Nationale,En marche !,LREM,59
Jérôme Bascher,Sénat,Les Républicains,LR,60
Jérôme Bignon,Sénat,"Union des Démocrates, Radicaux et Libéraux",RTLI,80
Jérôme Durain,Sénat,Parti Socialiste,SOC,71
Jérôme Lambert,Assemblée Nationale,Parti socialiste,NG,13
Jérôme Nury,Assemblée Nationale,Les Républicains,LR,61
Jimmy Pahun,Assemblée Nationale,Mouvement Démocrate,MoDem,56
Joachim Son-Forget,Assemblée Nationale,En marche !,LREM,99
Joaquim Pueyo,Assemblée Nationale,Parti socialiste,NG,61
Jocelyne Guidez,Sénat,"Union des Démocrates, Radicaux et Libéraux",UC,91
Joël Aviragnet,Assemblée Nationale,Parti socialiste,NG,31
Joël Bigot,Sénat,Parti Socialiste,SOC,67
Joël Giraud,Assemblée Nationale,En marche !,LREM,5
Joël Guerriau,Sénat,"Union des Démocrates, Radicaux et Libéraux",RTLI,44
Joël Labbé,Sénat,Europe Ecologie les Verts,RDSE,56
Joëlle Garriaud- Maylam,Sénat,Les Républicains,LR,998
Jordi Ginesta,Sénat,Les Républicains,LR,29
José Evrard,Assemblée Nationale,Non déclaré(s),NI,62
Joseph Castelli,Sénat,Parti Radical de gauche,RDSE,2B
Josette Manin,Assemblée Nationale,Parti progressiste martiniquais,NG,972
Josiane Corneloup,Assemblée Nationale,Les Républicains,LR,71
Josiane Costes,Sénat,Parti Radical de gauche,RDSE,15
Josy Poueyto,Assemblée Nationale,Mouvement Démocrate,MoDem,64
Julien Aubert,Assemblée Nationale,Les Républicains,LR,84
Julien Bargeton,Sénat,En Marche !,REM,75
Julien Borowczyk,Assemblée Nationale,En marche !,LREM,42
Julien Dive,Assemblée Nationale,Les Républicains,LR,2
Justine Benin,Assemblée Nationale,Mouvement Démocrate,MoDem,971
Ladislas Poniatowski,Sénat,Les Républicains,LR,27
Laetitia Avia,Assemblée Nationale,En marche !,LREM,75
Laëtitia Romeiro Dias,Assemblée Nationale,En marche !,LREM,91
Laetitia Saint-Paul,Assemblée Nationale,En marche !,LREM,49
Lana Tetuanui,Sénat,Tapura Huiraatira,UC,987
Laure Darcos,Sénat,Les Républicains,LR,91
Laure de La Raudière,Assemblée Nationale,"Union des démocrates, radicaux et libéraux",UDI,28
Laurence Cohen,Sénat,Parti Communiste Français,CRCE,94
Laurence Dumont,Assemblée Nationale,Parti socialiste,NG,14
Laurence Gayte,Assemblée Nationale,En marche !,LREM,75
Laurence Harribey,Sénat,Parti Socialiste,SOC,33
Laurence Maillart-Méhaignerie,Assemblée Nationale,En marche !,LREM,35
Laurence Rossignol,Sénat,Parti Socialiste,SOC,60
Laurence Trastour-Isnart,Assemblée Nationale,Les Républicains,LR,6
Laurence Vanceunebrock-Mialon,Assemblée Nationale,En marche !,LREM,3
Laurence Vichnievsky,Assemblée Nationale,Mouvement Démocrate,MoDem,63
Laurent Duplomb,Sénat,Les Républicains,LR,43
Laurent Furst,Assemblée Nationale,Les Républicains,LR,67
Laurent Garcia,Assemblée Nationale,Mouvement Démocrate,MoDem,54
Laurent Lafon,Sénat,"Union des Démocrates, Radicaux et Libéraux",UC,94
Laurent Pietraszewski,Assemblée Nationale,En marche !,LREM,59
Laurent Saint-Martin,Assemblée Nationale,En marche !,LREM,21
Laurianne Rossi,Assemblée Nationale,En marche !,LREM,92
Lénaïck Adam,Assemblée Nationale,En marche !,LREM,76
Liliana Tanguy,Assemblée Nationale,En marche !,LREM,29
Lionel Causse,Assemblée Nationale,En marche !,LREM,40
Lise Magnier,Assemblée Nationale,"Union des démocrates, radicaux et libéraux",UDI,51
Loïc Dombreval,Assemblée Nationale,En marche !,LREM,6
Loïc Hervé,Sénat,"Union des Démocrates, Radicaux et Libéraux",UC,74
Loïc Kervran,Assemblée Nationale,En marche !,LREM,18
Loïc Prud'ho,Assemblée Nationale,La France Insoumise,LFI,33
Louis Aliot,Assemblée Nationale,Front National,NI,66
Louis-Jean De Nicolaÿ,Sénat,Les Républicains,LR,72
Luc Carvounas,Assemblée Nationale,Parti socialiste,NG,94
Ludovic Mendes,Assemblée Nationale,En marche !,LREM,57
Ludovic Pajot,Assemblée Nationale,Front National,NI,62
Maina Sage,Assemblée Nationale,Tapura Huiraatira,UDI,987
Mansour Kamardine,Assemblée Nationale,Les Républicains,LR,976
Manuel Valls,Assemblée Nationale,En marche !,LREM,91
Marc Daunis,Sénat,Parti Socialiste,SOC,6
Marc Delatte,Assemblée Nationale,En marche !,LREM,2
Marc Fesneau,Assemblée Nationale,Mouvement Démocrate,MoDem,41
Marc Laménie,Sénat,Les Républicains,LR,8
Marc Le Fur,Assemblée Nationale,Les Républicains,LR,22
Marc-Philippe Daubresse,Sénat,Les Républicains,LR,59
Marguerite Deprez-Audebert,Assemblée Nationale,Mouvement Démocrate,MoDem,62
Marianne Dubois,Assemblée Nationale,Les Républicains,LR,80
Marie- Françoise Perol-Dumont,Sénat,Parti Socialiste,SOC,14
Marie Guévenoux,Assemblée Nationale,En marche !,LREM,91
Marie Lebec,Assemblée Nationale,En marche !,LREM,78
Marie Mercier,Sénat,Les Républicains,LR,71
Marie Tamarelle-Verhaeghe,Assemblée Nationale,En marche !,LREM,27
Marie-Ange Magne,Assemblée Nationale,En marche !,LREM,87
Marie-Christine Chauvin,Sénat,Les Républicains,LR,39
Marie-Christine Dalloz,Assemblée Nationale,Les Républicains,LR,39
Marie-Christine Verdier-Jouclas,Assemblée Nationale,En marche !,LREM,81
Marie-France Lorho,Assemblée Nationale,Non déclaré(s),NI,84
Marie-George Buffet,Assemblée Nationale,Parti communiste français,GDR,69
Marielle de Sarnez,Assemblée Nationale,Mouvement Démocrate,MoDem,75
Marie-Noëlle Battistel,Assemblée Nationale,Parti socialiste,NG,38
Marie-Noëlle Lienemann,Sénat,Parti Socialiste,SOC,7
Marie-Pierre De La Gontrie,Sénat,Parti Socialiste,SOC,75
Marie-Pierre Monier,Sénat,Parti Socialiste,SOC,26
Marie-Pierre Rixain,Assemblée Nationale,En marche !,LREM,91
Marie-Thérèse Bruguière,Sénat,Les Républicains,LR,34
Marietta Karamanli,Assemblée Nationale,Parti socialiste,NG,72
Marine Brenier,Assemblée Nationale,Les Républicains,UDI,6
Marine Le Pen,Assemblée Nationale,Front National,NI,62
Marion Lenne,Assemblée Nationale,En marche !,LREM,74
Marjolaine Meynier-Millefert,Assemblée Nationale,En marche !,LREM,38
Marta De Cidrac,Sénat,Les Républicains,LR,78
Martial Bourquin,Sénat,Parti Socialiste,SOC,25
Martial Saddier,Assemblée Nationale,Les Républicains,LR,74
Martin Lévrier,Sénat,En Marche !,REM,78
Martine Berthet,Sénat,Les Républicains,LR,73
Martine Filleul,Sénat,Parti Socialiste,SOC,59
Martine Leguille-Balloy,Assemblée Nationale,En marche !,LREM,85
Martine Wonner,Assemblée Nationale,En marche !,LREM,67
Maryse Carrère,Sénat,Parti Radical de gauche,RDSE,65
Maryvonne Blondin,Sénat,Parti Socialiste,SOC,29
Mathieu Darnaud,Sénat,Les Républicains,LR,7
Mathilde Panot,Assemblée Nationale,La France Insoumise,LFI,94
Matthieu Orphelin,Assemblée Nationale,En marche !,LREM,49
Maud Petit,Assemblée Nationale,Mouvement Démocrate,MoDem,99
Maurice Antiste,Sénat,Parti progressiste martiniquais,SOC,972
Maurice Leroy,Assemblée Nationale,"Union des démocrates, radicaux et libéraux",UDI,6
Max Brisson,Sénat,Les Républicains,LR,64
Max Mathiasin,Assemblée Nationale,Mouvement Démocrate,MoDem,971
Maxime Minot,Assemblée Nationale,Les Républicains,LR,60
Meyer Habib,Assemblée Nationale,"Union des démocrates, radicaux et libéraux",UDI,64
Michel Amiel,Sénat,En Marche !,REM,13
Michel Boutant,Sénat,Parti Socialiste,SOC,16
Michel Canevet,Sénat,En Marche !,UC,29
Michel Castellani,Assemblée Nationale,Régions et peuples solidaires,NI,2B
Michel Dagbert,Sénat,Parti Socialiste,SOC,62
Michel Delpon,Assemblée Nationale,En marche !,LREM,24
Michel Dennemont,Sénat,En Marche !,REM,974
Michel Fanget,Assemblée Nationale,Mouvement Démocrate,MoDem,63
Michel Forissier,Sénat,Les Républicains,LR,69
Michel Herbillon,Assemblée Nationale,Les Républicains,LR,94
Michel Larive,Assemblée Nationale,La France Insoumise,LFI,9
Michel Laugier,Sénat,"Union des Démocrates, Radicaux et Libéraux",UC,78
Michel Lauzzana,Assemblée Nationale,En marche !,LREM,47
Michel Magras,Sénat,Les Républicains,LR,977
Michel Raison,Sénat,Les Républicains,LR,70
Michel Savin,Sénat,Les Républicains,LR,38
Michel Vaspart,Sénat,Les Républicains,LR,22
Michel Vialay,Assemblée Nationale,Les Républicains,LR,78
Michel Zumkeller,Assemblée Nationale,"Union des démocrates, radicaux et libéraux",UDI,90
Michèle Crouzet,Assemblée Nationale,En marche !,LREM,89
Michèle de Vaucouleurs,Assemblée Nationale,Mouvement Démocrate,MoDem,78
Michèle Peyron,Assemblée Nationale,En marche !,LREM,77
Michèle Tabarot,Assemblée Nationale,Les Républicains,LR,6
Michèle Vullien,Sénat,"Union des Démocrates, Radicaux et Libéraux",UC,69
Michelle Gréaume,Sénat,Parti Communiste Français,CRCE,59
Michelle Meunier,Sénat,Parti Socialiste,SOC,19
Mickaël Nogal,Assemblée Nationale,En marche !,LREM,31
Mireille Clapot,Assemblée Nationale,En marche !,LREM,26
Mireille Jouve,Sénat,Parti Radical de gauche,RDSE,13
Mireille Robert,Assemblée Nationale,En marche !,LREM,11
M'jid El Guerrab,Assemblée Nationale,Parti radical de gauche,NI,99
Moetai Brotherson,Assemblée Nationale,Tavini Huiraatira No Te Ao Maohi - Front de libération de Polynésie,GDR,987
Mohamed Laqhila,Assemblée Nationale,Mouvement Démocrate,MoDem,13
Monica Michel,Assemblée Nationale,En marche !,LREM,13
Monique Iborra,Assemblée Nationale,En marche !,LREM,31
Monique Limon,Assemblée Nationale,En marche !,LREM,38
Monique Lubin,Sénat,Parti Socialiste,SOC,40
Muriel Jourda,Sénat,Les Républicains,LR,56
Muriel Ressiguier,Assemblée Nationale,La France Insoumise,LFI,34
Mustapha Laabid,Assemblée Nationale,En marche !,LREM,35
Nadia Essayan,Assemblée Nationale,Mouvement Démocrate,MoDem,18
Nadia Hai,Assemblée Nationale,En marche !,LREM,78
Nadia Ramassamy,Assemblée Nationale,Les Républicains,LR,974
Nadia Sollogoub,Sénat,Non rattaché,UC,58
Nadine Grelet- Certenais,Sénat,Parti Socialiste,SOC,72
Naïma Moutchou,Assemblée Nationale,En marche !,LREM,95
Napole Polutele,Assemblée Nationale,"Union des démocrates, radicaux et libéraux",UDI,986
Nassimah Dindar,Sénat,"Union des Démocrates, Radicaux et Libéraux",UC,971
Natalia Pouzyreff,Assemblée Nationale,En marche !,LREM,78
Nathalie Bassire,Assemblée Nationale,Les Républicains,LR,974
Nathalie Delattre,Sénat,"Union des Démocrates, Radicaux et Libéraux",RDSE,33
Nathalie Elimas,Assemblée Nationale,Mouvement Démocrate,MoDem,95
Nathalie Goulet,Sénat,"Union des Démocrates, Radicaux et Libéraux",UC,61
Nathalie Sarles,Assemblée Nationale,En marche !,LREM,42
Nelly Tocqueville,Sénat,Parti Socialiste,SOC,76
Nicolas Démoulin,Assemblée Nationale,En marche !,LREM,34
Nicolas Dupont-Aignan,Assemblée Nationale,Debout la France,NI,91
Nicolas Forissier,Assemblée Nationale,Les Républicains,LR,69
Nicolas Turquois,Assemblée Nationale,Mouvement Démocrate,MoDem,86
Nicole Bonnefoy,Sénat,Parti Socialiste,SOC,16
Nicole Dubré-Chirat,Assemblée Nationale,En marche !,LREM,49
Nicole Duranton,Sénat,Les Républicains,LR,27
Nicole Le Peih,Assemblée Nationale,En marche !,LREM,56
Nicole Sanquer,Assemblée Nationale,Tapura Huiraatira,UDI,987
Nicole Trisse,Assemblée Nationale,En marche !,LREM,57
Noëlle Rauscent,Sénat,En Marche !,REM,89
Nuihau Laurey,Sénat,Tapura Huiraatira,UC,987
Olga Givernet,Assemblée Nationale,En marche !,LREM,1
Olivia Gregoire,Assemblée Nationale,En marche !,LREM,75
Olivier Becht,Assemblée Nationale,"Union des démocrates, radicaux et libéraux",UDI,68
Olivier Cadic,Sénat,"Union des Démocrates, Radicaux et Libéraux",UC,99
Olivier Cigolotti,Sénat,"Union des Démocrates, Radicaux et Libéraux",UC,43
Olivier Damaisin,Assemblée Nationale,En marche !,LREM,47
Olivier Dassault,Assemblée Nationale,Les Républicains,LR,60
Olivier Dussopt,Assemblée Nationale,Parti socialiste,NG,7
Olivier Falorni,Assemblée Nationale,Parti radical de gauche,NI,17
Olivier Faure,Assemblée Nationale,Parti socialiste,NG,77
Olivier Gaillard,Assemblée Nationale,En marche !,LREM,30
Olivier Henno,Sénat,"Union des Démocrates, Radicaux et Libéraux",UC,59
Olivier Jacquin,Sénat,Parti Socialiste,SOC,54
Olivier Léonhardt,Sénat,Non rattaché,RDSE,91
Olivier Marleix,Assemblée Nationale,Les Républicains,LR,28
Olivier Paccaud,Sénat,Les Républicains,LR,60
Olivier Serva,Assemblée Nationale,En marche !,LREM,971
Olivier Véran,Assemblée Nationale,En marche !,LREM,38
Pacôme Rupin,Assemblée Nationale,En marche !,LREM,75
Pascal Allizard,Sénat,Les Républicains,LR,14
Pascal Bois,Assemblée Nationale,En marche !,LREM,60
Pascal Savoldelli,Sénat,Parti Communiste Français,CRCE,94
Pascale Bories,Sénat,Les Républicains,LR,30
Pascale Boyer,Assemblée Nationale,En marche !,LREM,63
Pascale Fontenel-Personne,Assemblée Nationale,En marche !,LREM,72
Pascale Gruny,Sénat,Les Républicains,LR,2
Patrice Anato,Assemblée Nationale,En marche !,LREM,93
Patrice Joly,Sénat,Parti Socialiste,SOC,58
Patrice Perrot,Assemblée Nationale,En marche !,LREM,10
Patrice Verchère,Assemblée Nationale,Les Républicains,LR,69
Patricia Gallerneau,Assemblée Nationale,Mouvement Démocrate,MoDem,85
Patricia Mirallès,Assemblée Nationale,En marche !,LREM,34
Patricia Morhet-Richaud,Sénat,Les Républicains,LR,5
Patricia Schillinger,Sénat,En Marche !,REM,68
Patrick Chaize,Sénat,Les Républicains,LR,1
Patrick Hetzel,Assemblée Nationale,Les Républicains,LR,67
Patrick Kanner,Sénat,Parti Socialiste,SOC,59
Patrick Mignola,Assemblée Nationale,Mouvement Démocrate,MoDem,73
Patrick Vignal,Assemblée Nationale,En marche !,LREM,34
Paul Christophe,Assemblée Nationale,"Union des démocrates, radicaux et libéraux",UDI,971
Paul Molac,Assemblée Nationale,Régions et peuples solidaires,LREM,56
Paula Forteza,Assemblée Nationale,En marche !,LREM,75
Paul-André Colombani,Assemblée Nationale,Régions et peuples solidaires,NI,2A
Perrine Goulet,Assemblée Nationale,En marche !,LREM,61
Philippe Adnot,Sénat,"Union des Démocrates, Radicaux et Libéraux",NI,10
Philippe Bas,Sénat,Les Républicains,LR,50
Philippe Berta,Assemblée Nationale,Mouvement Démocrate,MoDem,30
Philippe Bolo,Assemblée Nationale,Mouvement Démocrate,MoDem,49
Philippe Bonnecarrère,Sénat,En Marche !,UC,81
Philippe Chalumeau,Assemblée Nationale,En marche !,LREM,37
Philippe Chassaing,Assemblée Nationale,En marche !,LREM,24
Philippe Dallier,Sénat,Les Républicains,LR,93
Philippe Dominati,Sénat,Mouvement démocrate,LR,75
Philippe Dunoyer,Assemblée Nationale,Calédonie Ensemble,UDI,988
Philippe Folliot,Assemblée Nationale,En marche !,LREM,81
Philippe Gomès,Assemblée Nationale,Calédonie Ensemble,UDI,988
Philippe Gosselin,Assemblée Nationale,Les Républicains,LR,50
Philippe Huppé,Assemblée Nationale,En marche !,LREM,34
Philippe Latombe,Assemblée Nationale,Mouvement Démocrate,MoDem,85
Philippe Madrelle,Sénat,Parti Socialiste,SOC,33
Philippe Michel-Kleisbauer,Assemblée Nationale,Mouvement Démocrate,MoDem,83
Philippe Mouiller,Sénat,Les Républicains,LR,79
Philippe Nachbar,Sénat,Les Républicains,LR,54
Philippe Paul,Sénat,Les Républicains,LR,49
Philippe Pemezec,Sénat,Les Républicains,LR,92
Philippe Vigier,Assemblée Nationale,"Union des démocrates, radicaux et libéraux",UDI,43
Pierre Cabaré,Assemblée Nationale,En marche !,LREM,31
Pierre Charon,Sénat,Les Républicains,LR,75
Pierre Cordier,Assemblée Nationale,Les Républicains,LR,8
Pierre Cuypers,Sénat,Les Républicains,LR,77
Pierre Dharréville,Assemblée Nationale,Parti communiste français,GDR,13
Pierre Frogier,Sénat,"Rassemblement LR -
Rassemblement pour la Calédonie dans la République",LR,988
Pierre Henriet,Assemblée Nationale,En marche !,LREM,85
Pierre Laurent,Sénat,Parti Communiste Français,CRCE,17
Pierre Louault,Sénat,"Union des Démocrates, Radicaux et Libéraux",UC,37
Pierre Médevielle,Sénat,"Union des Démocrates, Radicaux et Libéraux",UC,31
Pierre Morel-À-L'Huissier,Assemblée Nationale,Les Républicains,UDI,48
Pierre Ouzoulias,Sénat,Parti Communiste Français,CRCE,92
Pierre Person,Assemblée Nationale,En marche !,LREM,75
Pierre Vatin,Assemblée Nationale,Les Républicains,LR,60
Pierre-Alain Raphan,Assemblée Nationale,En marche !,LREM,91
Pierre-Henri Dumont,Assemblée Nationale,Les Républicains,LR,14
Pierre-Yves Bournazel,Assemblée Nationale,"Union des démocrates, radicaux et libéraux",UDI,75
Pierre-Yves Collombat,Sénat,La France insoumise,CRCE,83
Pieyre-Alexandre Anglade,Assemblée Nationale,En marche !,LREM,99
Rachel Mazuir,Sénat,Parti Socialiste,SOC,1
Rachid Temal,Sénat,Parti Socialiste,SOC,95
Ramlati Ali,Assemblée Nationale,En marche !,LREM,976
Raphaël Gauvain,Assemblée Nationale,En marche !,LREM,71
Raphaël Gérard,Assemblée Nationale,En marche !,LREM,17
Raphaël Schellenberger,Assemblée Nationale,Les Républicains,LR,68
Raymond Vall,Sénat,Parti Radical de gauche,RDSE,32
Régis Juanico,Assemblée Nationale,Parti socialiste,NG,42
Rémi Delatte,Assemblée Nationale,Les Républicains,LR,2
Rémi Féraud,Sénat,Parti Socialiste,SOC,95
Rémy Pointereau,Sénat,Les Républicains,LR,18
Rémy Rebeyrotte,Assemblée Nationale,En marche !,LREM,71
René Danesi,Sénat,Les Républicains,LR,68
René-Paul Savary,Sénat,Les Républicains,LR,51
Richard Ferrand,Assemblée Nationale,En marche !,LREM,29
Richard Lioger,Assemblée Nationale,En marche !,LREM,57
Richard Ramos,Assemblée Nationale,Mouvement Démocrate,MoDem,45
Richard Yung,Sénat,En Marche !,REM,99
Robert Del Picchia,Sénat,Les Républicains,LR,99
Robert Laufoaulu,Sénat,Rassemblement LR - Rassemblement pour la Calédonie dans la République,LR,986
Robert Navarro,Sénat,En Marche !,REM,34
Robin Reda,Assemblée Nationale,Les Républicains,LR,91
Rodrigue Kokouendo,Assemblée Nationale,En marche !,LREM,77
Roger Karoutchi,Sénat,Les Républicains,LR,92
Roland Courteau,Sénat,Parti Socialiste,SOC,11
Roland Lescure,Assemblée Nationale,En marche !,LREM,99
Romain Grau,Assemblée Nationale,En marche !,LREM,66
Ronan Dantec,Sénat,Europe Ecologie les Verts,RDSE,44
Ronan Le Gleut,Sénat,Les Républicains,LR,998
Sabine Rubin,Assemblée Nationale,La France Insoumise,LFI,93
Sabine Thillaye,Assemblée Nationale,En marche !,LREM,37
Sabine Van Heghe,Sénat,Parti Socialiste,SOC,62
Sacha Houlié,Assemblée Nationale,En marche !,LREM,86
Saïd Ahamada,Assemblée Nationale,En marche !,LREM,13
Samantha Cazebonne,Assemblée Nationale,En marche !,LREM,99
Samia Ghali,Sénat,Parti Socialiste,SOC,13
Sandra Marsaud,Assemblée Nationale,En marche !,LREM,16
Sandrine Josso,Assemblée Nationale,En marche !,LREM,44
Sandrine Le Feur,Assemblée Nationale,En marche !,LREM,29
Sandrine Mörch,Assemblée Nationale,En marche !,LREM,31
Sarah El Haïry,Assemblée Nationale,Mouvement Démocrate,MoDem,44
Sébastien Cazenove,Assemblée Nationale,En marche !,LREM,66
Sébastien Chenu,Assemblée Nationale,Front National,NI,59
Sébastien Huyghe,Assemblée Nationale,Les Républicains,LR,59
Sébastien Jumel,Assemblée Nationale,Parti communiste français,GDR,76
Sébastien Leclerc,Assemblée Nationale,Les Républicains,LR,14
Sébastien Leroux,Sénat,Les Républicains,LR,61
Sébastien Meurant,Sénat,Les Républicains,LR,95
Sébastien Nadot,Assemblée Nationale,En marche !,LREM,31
Sereine Mauborgne,Assemblée Nationale,En marche !,LREM,83
Serge Babary,Sénat,Les Républicains,LR,37
Serge Letchimy,Assemblée Nationale,Parti progressiste martiniquais,NG,972
Séverine Gipson,Assemblée Nationale,En marche !,LREM,27
Simon Sutour,Sénat,Parti Socialiste,SOC,30
Sira Sylla,Assemblée Nationale,En marche !,LREM,76
Sonia De La Provôté,Sénat,"Union des Démocrates, Radicaux et Libéraux",UC,54
Sonia Krimi,Assemblée Nationale,En marche !,LREM,50
Sophie Auconie,Assemblée Nationale,"Union des démocrates, radicaux et libéraux",UDI,37
Sophie Beaudouin-Hubiere,Assemblée Nationale,En marche !,LREM,87
Sophie Errante,Assemblée Nationale,En marche !,LREM,44
Sophie Joissains,Sénat,"Union des Démocrates, Radicaux et Libéraux",UC,13
Sophie Mette,Assemblée Nationale,Mouvement Démocrate,MoDem,33
Sophie Panonacle,Assemblée Nationale,En marche !,LREM,33
Sophie Primas,Sénat,Les Républicains,LR,78
Sophie Taillé-Polian,Sénat,Parti Socialiste,SOC,94
Stanislas Guerini,Assemblée Nationale,En marche !,LREM,75
Stella Dupont,Assemblée Nationale,En marche !,LREM,49
Stéphane Artano,Sénat,Archipel demain,RDSE,975
Stéphane Buchou,Assemblée Nationale,En marche !,LREM,85
Stéphane Claireaux,Assemblée Nationale,Cap sur l'avenir,LREM,975
Stéphane Demilly,Assemblée Nationale,"Union des démocrates, radicaux et libéraux",UDI,80
Stéphane Le Foll,Assemblée Nationale,Parti socialiste,NG,72
Stéphane Mazars,Assemblée Nationale,En marche !,LREM,12
Stéphane Peu,Assemblée Nationale,Parti communiste français,GDR,93
Stéphane Piednoir,Sénat,Les Républicains,LR,49
Stéphane Ravier,Sénat,Front National,NI,13
Stéphane Testé,Assemblée Nationale,En marche !,LREM,93
Stéphane Trompille,Assemblée Nationale,En marche !,LREM,1
Stéphane Viry,Assemblée Nationale,Les Républicains,LR,88
Stéphanie Do,Assemblée Nationale,En marche !,LREM,77
Stéphanie Kerbarh,Assemblée Nationale,En marche !,LREM,76
Stéphanie Rist,Assemblée Nationale,En marche !,LREM,45
Sylvain Maillard,Assemblée Nationale,En marche !,LREM,75
Sylvain Waserman,Assemblée Nationale,Mouvement Démocrate,MoDem,67
Sylvia Pinel,Assemblée Nationale,Parti radical de gauche,NI,82
Sylvie Charrière,Assemblée Nationale,En marche !,LREM,93
Sylvie Goy-Chavent,Sénat,"Union des Démocrates, Radicaux et Libéraux",UC,1
Sylvie Robert,Sénat,Parti Socialiste,SOC,11
Sylvie Vermeillet,Sénat,"Union des Démocrates, Radicaux et Libéraux",UC,39
Thani Mohamed Soilihi,Sénat,En Marche !,REM,976
Thibault Bazin,Assemblée Nationale,Les Républicains,LR,95
Thierry Benoit,Assemblée Nationale,"Union des démocrates, radicaux et libéraux",UDI,35
Thierry Carcenac,Sénat,Parti Socialiste,SOC,81
Thierry Foucaud,Sénat,Parti Communiste Français,CRCE,76
Thierry Michels,Assemblée Nationale,En marche !,LREM,67
Thierry Robert,Assemblée Nationale,Mouvement Démocrate,MoDem,11
Thierry Solère,Assemblée Nationale,En marche !,LREM,92
Thomas Gassilloud,Assemblée Nationale,En marche !,LREM,69
Thomas Mesnier,Assemblée Nationale,En marche !,LREM,16
Thomas Rudigoz,Assemblée Nationale,En marche !,LREM,69
Typhanie Degois,Assemblée Nationale,En marche !,LREM,73
Ugo Bernalicis,Assemblée Nationale,La France Insoumise,LFI,59
Valéria Faure-Muntian,Assemblée Nationale,En marche !,LREM,42
Valérie Bazin-Malgras,Assemblée Nationale,Les Républicains,LR,10
Valérie Beauvais,Assemblée Nationale,Les Républicains,LR,51
Valérie Boyer,Assemblée Nationale,Les Républicains,LR,63
Valérie Gomez-Bassac,Assemblée Nationale,En marche !,LREM,83
Valérie Lacroute,Assemblée Nationale,Les Républicains,LR,77
Valérie Létard,Sénat,"Union des Démocrates, Radicaux et Libéraux",UC,59
Valérie Oppelt,Assemblée Nationale,En marche !,LREM,44
Valérie Petit,Assemblée Nationale,En marche !,LREM,99
Valérie Rabault,Assemblée Nationale,Parti socialiste,NG,82
Valérie Thomas,Assemblée Nationale,En marche !,LREM,77
Véronique Guillotin,Sénat,"Union des Démocrates, Radicaux et Libéraux",RDSE,54
Véronique Hammerer,Assemblée Nationale,En marche !,LREM,33
Véronique Louwagie,Assemblée Nationale,Les Républicains,LR,61
Véronique Riotton,Assemblée Nationale,En marche !,LREM,74
Victoire Jasmin,Sénat,Parti progressiste martiniquais,SOC,971
Victorin Lurel,Sénat,Parti progressiste martiniquais,SOC,971
Vincent Bru,Assemblée Nationale,Mouvement Démocrate,MoDem,64
Vincent Capo-Canellas,Sénat,"Union des Démocrates, Radicaux et Libéraux",UC,93
Vincent Delahaye,Sénat,"Union des Démocrates, Radicaux et Libéraux",UC,91
Vincent Descoeur,Assemblée Nationale,Les Républicains,LR,15
Vincent Éblé,Sénat,Parti Socialiste,SOC,77
Vincent Ledoux,Assemblée Nationale,"Union des démocrates, radicaux et libéraux",UDI,59
Vincent Rolland,Assemblée Nationale,Les Républicains,LR,73
Vincent Thiébaut,Assemblée Nationale,En marche !,LREM,67
Virginie Duby-Muller,Assemblée Nationale,Les Républicains,LR,74
Vivette Lopez,Sénat,Les Républicains,LR,30
Viviane Artigalas,Sénat,Parti Socialiste,SOC,65
Viviane Malet,Sénat,Les Républicains,LR,974
Xavier Batut,Assemblée Nationale,En marche !,LREM,76
Xavier Breton,Assemblée Nationale,Les Républicains,LR,1
Xavier Iacovelli,Sénat,Parti Socialiste,SOC,92
Xavier Paluszkiewicz,Assemblée Nationale,En marche !,LREM,54
Xavier Roseren,Assemblée Nationale,En marche !,LREM,74
Yaël Braun-Pivet,Assemblée Nationale,En marche !,LREM,78
Yannick Botrel,Sénat,Parti Socialiste,SOC,22
Yannick Favennec Becot,Assemblée Nationale,"Union des démocrates, radicaux et libéraux",UDI,49
Yannick Haury,Assemblée Nationale,En marche !,LREM,44
Yannick Kerlogot,Assemblée Nationale,En marche !,LREM,22
Yannick Vaugrenard,Sénat,Parti Socialiste,SOC,44
Yolaine de Courson,Assemblée Nationale,En marche !,LREM,51
Yves Blein,Assemblée Nationale,En marche !,LREM,69
Yves Daniel,Assemblée Nationale,En marche !,LREM,44
Yves Daudigny,Sénat,Parti Socialiste,SOC,2
Yves Détraigne,Sénat,"Union des Démocrates, Radicaux et Libéraux",UC,51
Yves Jégo,Assemblée Nationale,"Union des démocrates, radicaux et libéraux",UDI,77
Yvon Collin,Sénat,En Marche !,RDSE,82
Zivka Park,Assemblée Nationale,En marche !,LREM,95